-- MySQL dump 10.13  Distrib 8.0.30, for Win64 (x86_64)
--
-- Host: localhost    Database: rockola_music
-- ------------------------------------------------------
-- Server version	8.0.30

/*!40101 SET @OLD_CHARACTER_SET_CLIENT=@@CHARACTER_SET_CLIENT */;
/*!40101 SET @OLD_CHARACTER_SET_RESULTS=@@CHARACTER_SET_RESULTS */;
/*!40101 SET @OLD_COLLATION_CONNECTION=@@COLLATION_CONNECTION */;
/*!50503 SET NAMES utf8 */;
/*!40103 SET @OLD_TIME_ZONE=@@TIME_ZONE */;
/*!40103 SET TIME_ZONE='+00:00' */;
/*!40014 SET @OLD_UNIQUE_CHECKS=@@UNIQUE_CHECKS, UNIQUE_CHECKS=0 */;
/*!40014 SET @OLD_FOREIGN_KEY_CHECKS=@@FOREIGN_KEY_CHECKS, FOREIGN_KEY_CHECKS=0 */;
/*!40101 SET @OLD_SQL_MODE=@@SQL_MODE, SQL_MODE='NO_AUTO_VALUE_ON_ZERO' */;
/*!40111 SET @OLD_SQL_NOTES=@@SQL_NOTES, SQL_NOTES=0 */;

--
-- Table structure for table `administrador`
--

DROP TABLE IF EXISTS `administrador`;
/*!40101 SET @saved_cs_client     = @@character_set_client */;
/*!50503 SET character_set_client = utf8mb4 */;
CREATE TABLE `administrador` (
  `id_admin` int NOT NULL AUTO_INCREMENT,
  `Nombre` varchar(100) NOT NULL,
  `Apellido` varchar(100) NOT NULL,
  `Telefono_Movil` varchar(100) DEFAULT NULL,
  `userName` varchar(120) NOT NULL,
  `E_Mail` varchar(120) NOT NULL,
  `Password` varchar(120) NOT NULL,
  `id_ReftipoUsuario` int NOT NULL,
  PRIMARY KEY (`id_admin`),
  UNIQUE KEY `E-Mail_UNIQUE` (`E_Mail`),
  UNIQUE KEY `userName_UNIQUE` (`userName`),
  UNIQUE KEY `Password_UNIQUE` (`Password`),
  KEY `id_ReftipoUsuario` (`id_ReftipoUsuario`),
  CONSTRAINT `administrador_ibfk_1` FOREIGN KEY (`id_ReftipoUsuario`) REFERENCES `tipousuario` (`id_tipoUsuario`)
) ENGINE=InnoDB AUTO_INCREMENT=3 DEFAULT CHARSET=utf8mb4 COLLATE=utf8mb4_unicode_ci;
/*!40101 SET character_set_client = @saved_cs_client */;

--
-- Dumping data for table `administrador`
--

LOCK TABLES `administrador` WRITE;
/*!40000 ALTER TABLE `administrador` DISABLE KEYS */;
INSERT INTO `administrador` VALUES (1,'Tomas','Adams','3158520412','tom75','tom75@e-nautia.com','MilkyWay75++',1),(2,'Isabella','Adams',NULL,'Isa95','Isa95@hotmail.com','LalisaBlack77',1);
/*!40000 ALTER TABLE `administrador` ENABLE KEYS */;
UNLOCK TABLES;

--
-- Table structure for table `canciones`
--

DROP TABLE IF EXISTS `canciones`;
/*!40101 SET @saved_cs_client     = @@character_set_client */;
/*!50503 SET character_set_client = utf8mb4 */;
CREATE TABLE `canciones` (
  `id_cancion` int NOT NULL AUTO_INCREMENT,
  `nombreCancion` varchar(70) NOT NULL,
  `album` varchar(70) NOT NULL,
  `año` int NOT NULL,
  `Genero` varchar(70) NOT NULL,
  `Interprete` varchar(70) NOT NULL,
  `Vocalista` varchar(70) NOT NULL,
  `Pais` varchar(30) NOT NULL,
  `id_RefLetra` int NOT NULL,
  `id_RefLista` int NOT NULL,
  `id_RefAdministrador` int NOT NULL,
  PRIMARY KEY (`id_cancion`),
  KEY `id_RefLetra` (`id_RefLetra`),
  KEY `id_RefLista` (`id_RefLista`),
  KEY `id_RefAdministrador` (`id_RefAdministrador`),
  CONSTRAINT `canciones_ibfk_3` FOREIGN KEY (`id_RefLetra`) REFERENCES `letra` (`id_letra`),
  CONSTRAINT `canciones_ibfk_4` FOREIGN KEY (`id_RefLista`) REFERENCES `lista` (`id_lista`),
  CONSTRAINT `canciones_ibfk_5` FOREIGN KEY (`id_RefAdministrador`) REFERENCES `administrador` (`id_admin`)
) ENGINE=InnoDB AUTO_INCREMENT=49 DEFAULT CHARSET=utf8mb4 COLLATE=utf8mb4_unicode_ci;
/*!40101 SET character_set_client = @saved_cs_client */;

--
-- Dumping data for table `canciones`
--

LOCK TABLES `canciones` WRITE;
/*!40000 ALTER TABLE `canciones` DISABLE KEYS */;
INSERT INTO `canciones` VALUES (1,'Tu eres la reina','Titulo de Amor',1993,'Vallenato','Diomedes Díaz','Diomedes Díaz','Colombia',1,1,1),(2,'La plata','26 de Mayo',1994,'Vallenato','Diomedes Díaz','Diomedes Díaz','Colombia',2,1,1),(3,'El esqueleto','Volver a vivir',1998,'Vallenato','Diomedes Díaz','Diomedes Díaz','Colombia',3,1,1),(4,'Dime pajarito','Clase aparte',1980,'Vallenato','Binomio De Oro','Rafael Orozco','Colombia',4,1,2),(5,'Campana','Los elegidos',1977,'Vallenato','Binomio De Oro','Rafael Orozco','Colombia',5,1,2),(6,'Cariñito De Mi Vida','Adelante',1975,'Vallenato','Binomio De Oro','Rafael Orozco','Colombia',6,1,2),(7,'Cariñito De Mi Vida (en vivo) ','Parrandón Vallenato (En Vivo)',1980,'Vallenato','Diomedes Díaz','Diomedes Díaz','Colombia',6,1,1),(8,'La Vida Es Un Carnaval','Mi vida es cantar',1998,'Salsa','Celia Cruz','Celia Cruz','Cuba',7,2,1),(9,'Abuelita','La Gran Fuga',1970,'Salsa','Hector Lavoe','Hector Lavoe','Puerto Rico',8,2,1),(10,'Predestinación','El Romantico del Llano',1980,'Joropo','Aries Vigoth','Aries Vigoth','Colombia',9,3,2),(11,'Valencia','Motivos llaneros',1957,'Joropo','Juan Vicente Torrealba','Juan Vicente Torrealba','Venezuela',10,3,2),(12,'Ojos indios','El más grande del acordeón',1989,'Cumbia','Alfredo Gutiérrez','Alfredo Gutiérrez','Colombia',11,4,1),(13,'El pescador','La candela viva',1993,'Cumbia','Totó La Momposina','Totó La Momposina','Colombia',12,4,1),(14,'Que será','Wilfrido Vargas y sus consentidas',1994,'Merengue','Wilfrido Vargas','Wilfrido Vargas','República Dominicana',13,5,2),(15,'En el Cielo No Hay Hospital','Colección Cristiana',2012,'Merengue','Juan Luis Guerra','Juan Luis Guerra','República Dominicana',14,5,2),(16,'Stop This Song','Riot!',2007,'Rock','Paramore','Hayley Williams','Estados Unidos',15,6,1),(17,'Lithium','The Open Door',2006,'Rock','Evanescence','Amy Lee','Estados Unidos',16,6,1),(18,'Japanese Rourezo Caramel Town','Euro Best',2006,'J-Rock','Ayabie','Aoi','Japon',17,8,1),(19,'D-tecnolife','Timeless',2006,'J-Rock','UVERworld','TAKUYA','Japon',18,8,1),(20,'Desahogo','Desahogo',2004,'Hip-Hop','Vico C','Luis Armando Lozada Cruz','Estados Unidos',19,9,2),(21,'You Know How We Do It','Lethal Injection',1993,'Hip-Hop','Ice Cube','O\'Shea Jackson','Estados Unidos',20,9,2),(22,'Tres canciones','Tres Canciones',1976,'Vallenato','Diomedes Díaz','Diomedes Díaz','Colombia',21,1,1),(23,'Déjala','Titulo de Amor',1993,'Vallenato','Diomedes Díaz','Diomedes Díaz','Colombia',22,1,1),(24,'El Higuerón','Mucha calidad',1983,'Vallenato','Binomio De Oro','Rafael Orozco','Colombia',23,1,2),(25,'Esa','Festival Vallenato',1982,'Vallenato','Binomio De Oro','Rafael Orozco','Colombia',24,1,2),(26,'Que Bonita Es Esta Vida','Son Para El Mundo',2006,'Vallenato','Jorge Celedón','Jorge Celedón','Colombia',25,1,1),(27,'Cuatro Rosas','¡Juepa je!',2004,'Vallenato','Jorge Celedón','Jorge Celedón','Colombia',26,1,1),(28,'Como te olvido','Los 3 amigos en concierto...',2008,'Vallenato','Jorge Celedón','Jorge Celedón','Colombia',27,1,1),(29,'Mi locura','Ni un paso atrás',2017,'Vallenato','Jorge Celedón','Jorge Celedón','Colombia',28,1,1),(30,'Ay hombe!','Canto Vallenato',2002,'Vallenato','Jorge Celedón','Jorge Celedón','Colombia',29,1,1),(31,'Que Desastre','Explosivas Y Sexys',1993,'Vallenato','Patricia Teherán','Patricia Teherán','Colombia',30,1,2),(32,'Triste Y Sola','Guerreras del amor',1991,'Vallenato','Patricia Teherán','Patricia Teherán','Colombia',31,1,2),(33,'Siempre Conmigo','Con aroma de mujer',1994,'Vallenato','Patricia Teherán','Patricia Teherán','Colombia',32,1,2),(34,'Amor de Papel','Con aroma de mujer',1994,'Vallenato','Patricia Teherán','Patricia Teherán','Colombia',33,1,2),(35,'Volví A Fallar','Con aroma de mujer',1994,'Vallenato','Patricia Teherán','Patricia Teherán','Colombia',34,1,2),(36,'Besito De Coco','Recordando el ayer',1976,'Salsa','Celia Cruz','Celia Cruz','Cuba',35,2,1),(37,'Burundanga','Celia Cruz y La Sonora Matancera',1953,'Salsa','Celia Cruz','Celia Cruz','Cuba',36,2,1),(38,'Quimbara','Celia & Johnny',1974,'Salsa','Celia Cruz','Celia Cruz','Cuba',37,2,1),(39,'Mi Vida Es Cantar','Mi vida es cantar',1998,'Salsa','Celia Cruz','Celia Cruz','Cuba',38,2,1),(40,'Loco','Strikes Back',1987,'Salsa','Hector Lavoe','Hector Lavoe','Puerto Rico',39,2,1),(41,'El cantante','Comedia',1978,'Salsa','Hector Lavoe','Hector Lavoe','Puerto Rico',40,2,1),(42,'Aguanile','El Juicio',1972,'Salsa','Hector Lavoe','Hector Lavoe','Puerto Rico',41,2,1),(43,'Calle Luna, Calle Sol',' El Barrio: Gangsters Latin Soul And The Birth Of Salsa',1973,'Salsa','Hector Lavoe','Hector Lavoe','Puerto Rico',42,2,1),(44,'Hipocresía','3.0',2013,'Salsa','Marc Anthony','Marc Anthony','Puerto Rico',43,2,1),(45,'Historia de un taxi','Quién dijo ayer',2007,'Salsa','Marc Anthony','Marc Anthony','Puerto Rico',44,2,1),(46,'Escapémonos','Valió la pena',2004,'Salsa','Marc Anthony','Marc Anthony','Puerto Rico',45,2,1),(47,'Este loco que te mira','Libre',2001,'Salsa','Marc Anthony','Marc Anthony','Puerto Rico',46,2,1),(48,'Celos','The Cali Sessions',2001,'Salsa','Marc Anthony','Marc Anthony','Puerto Rico',47,2,1);
/*!40000 ALTER TABLE `canciones` ENABLE KEYS */;
UNLOCK TABLES;

--
-- Table structure for table `letra`
--

DROP TABLE IF EXISTS `letra`;
/*!40101 SET @saved_cs_client     = @@character_set_client */;
/*!50503 SET character_set_client = utf8mb4 */;
CREATE TABLE `letra` (
  `id_letra` int NOT NULL AUTO_INCREMENT,
  `LetraCancion` varchar(10000) NOT NULL,
  PRIMARY KEY (`id_letra`)
) ENGINE=InnoDB AUTO_INCREMENT=48 DEFAULT CHARSET=utf8mb4 COLLATE=utf8mb4_unicode_ci;
/*!40101 SET character_set_client = @saved_cs_client */;

--
-- Dumping data for table `letra`
--

LOCK TABLES `letra` WRITE;
/*!40000 ALTER TABLE `letra` DISABLE KEYS */;
INSERT INTO `letra` VALUES (1,'Tú eres la reina\\r\\n\\r\\n\\r\\nPueden haber más bellas que tú\\r\\nhabrá otra con más poder que tú\\r\\npueden existir en este mundo pero eres la reina\\r\\n\\r\\nLas hay con coronas de cristal\\r\\ntienen todas las perlas del mar\\r\\ntal ves pero en mi corazón tú eres la reina\\r\\n\\r\\nUna reina sin tesoros ni tierras\\r\\nque me enseño la manera de vivir nada mas\\r\\na estas horas de la vida lamento\\r\\nhaber gastado mi tiempo en cosas que no están\\r\\n\\r\\nQuiero que nunca olvides cuanto este hombre te quiere\\r\\ny que deseo que algún día me cierres los ojos por mí\\r\\nsola me acompañaste en tantas luchas que tuve\\r\\ny hoy que he ganado en casi todas, no dudes, seguirás en mi\\r\\n\\r\\nTrata ser mientras se pueda conmigo feliz\\r\\nSólo se tiene la dicha un instante no más\\r\\n\\r\\nY todavía no falta quien me la llame\\r\\nque si es traviesa mi reina coqueta\\r\\nsiendo que con esos ojos del valle\\r\\ntodos saben que yo no quiero fiesta (bis)\\r\\n\\r\\nPueden haber más nobles que tú\\r\\nhabrá otra con más honor que tú\\r\\npueden existir en esta vida, pero eres la reina\\r\\ntú no pides nada por tu amor\\r\\ntú no quieres nada por tu amor\\r\\ny aunque en tu castillo nada tengas, tú eres la reina\\r\\n\\r\\nUna reina sin tesoros, ni tierras\\r\\nque me enseño la manera de vivir nada mas\\r\\na estas horas de la vida lamento\\r\\nhaber gastado mi tiempo en cosas que no están\\r\\n\\r\\nDicta tu voluntad contra la mía señor\\r\\nque a donde vaya, sigues siendo mi amor, mi felicidad\\r\\ndejo a mis amigos estos versos buenos\\r\\na los que saben cuanto di por tus besos, cuanto de verdad\\r\\n\\r\\nTrata ser mientras se pueda conmigo feliz\\r\\nsólo se tiene la dicha un instante no más\\r\\n\\r\\nY todavía no falta quien me la llame\\r\\nque si es traviesa mi reina coqueta\\r\\nsiendo que con esos ojos del valle\\r\\ntodos saben que yo no quiero fiesta (bis)\\r\\n\\r\\nQue me vieron con Gustavo Gutiérrez r\\nque vieron con Santiago pasar\\r\\nque me vieron en San Juan con Diomedes\\r\\ny después cogimos pa\' Carrizal\\r\\ntodo eso le dicen a mi reina\\r\\nsolamente para hacerla pelear\\r\\npero yo siempre llego al novalito\\r\\nporque nunca le puedo fallar...'),(2,'La plata\\r\\n\\r\\n\\r\\nSi la vida fuera estable todo el tiempo,\\r\\nSi la vida fuera estable todo el tiempo\\r\\n\\r\\nYo no bebería ni malgastaría la plata\\r\\npero me doy cuenta que la vida es un sueño\\r\\nYo no bebería ni malgastaría la plata\\r\\npero me doy cuenta que la vida es un sueño\\r\\n\\r\\nY antes de morir es mejor aprovecharla\\r\\npor eso la plata que cae en mis manos\\r\\nY antes de morir es mejor aprovecharla\\r\\npor eso la plata que cae en mis manos\\r\\n\\r\\nLa gasto en mujeres bebida y bailando\\r\\ntodo el mundo pelea si dejo una herencia\\r\\nsi guardo un tesoro o lo gozo yo\\r\\nse apodera el diablo de aquella riqueza\\r\\n\\r\\nEntonces no voy a la gloria de Dios\\r\\nse acaba la vida de este cuerpo humano\\r\\nEntonces no voy a la gloria de Dios\\r\\nse acaba la vida de este cuerpo humano\\r\\n\\r\\nY lo que e guardado no se pa quien es\\r\\nen el cementerio estoy vuelto gusano\\r\\nY lo que e guardado no se pa quien es\\r\\nen el cementerio estoy vuelto gusano\\r\\n\\r\\nY allá están peliando lo que yo deje\\r\\npor eso la plata que cae en mis manos\\r\\nY allá están peliando lo que yo deje\\r\\npor eso la plata que cae en mis manos\\r\\n\\r\\nLa gasto en mujeres, bebida y bailando\\r\\ntodo el mundo pelea si dejo una herencia\\r\\nsi dejo un tesoro o lo gozo yo\\r\\nse apodera el diablo de aquella riqueza\\r\\n\\r\\nEntonces no voy a la gloria de Dios\\r\\nPor eso la plata que cae en mis manos\\r\\nEntonces no voy a la gloria de Dios\\r\\nPor eso la plata que cae en mis manos\\r\\n\\r\\nLa gasto en mujeres bebida y bailando'),(3,'El esqueleto\\r\\n\\r\\n\\r\\nDe nada vale en el mundo este tanto orgullo\\r\\nde nada vale en el mundo este tanto orgullo\\r\\n\\r\\nDe que nos sirve en la vida ser tan creídos\\r\\nsi todo aquello se vuelve nada\\r\\nsaben que todos nacimos pa\' ser difuntos\\r\\ny al fin y al cabo tarde o temprano\\r\\ntoda esa grandeza siempre se acaba\\r\\n\\r\\nPor eso es que todo el mundo pa\' mi es igua\\r\\nyo respeto al niño y respeto al viejo\\r\\nle hablo al que tiene plata al que no la tiene\\r\\nal acomoda\'o y al limosnero\\r\\n\\r\\nPor eso es que todo el mundo pa\' mi es igual\\r\\nyo respeto al niño y respeto al viejo\\r\\nle hablo al que tiene plata al que no la tiene\\r\\nal acomoda\'o y al limosnero\\r\\n\\r\\nSe acaba la vida se acaba el misterio\\r\\ncuando uno se muere ya no vale nada\\r\\naquí vale igual un pobre pordiosero\\r\\nque el mas ilustrado de la sociedad\\r\\n\\r\\nSi Señor\\r\\n\\r\\nEl día que ya Dios dispone de uno de nosotros\\r\\nel día que ya Dios dispone de uno de nosotros\\r\\nsólo somos un esqueleto de puro hueso\\r\\nque en este mundo nadie lo acata\\r\\n\\r\\nSolamente el cementerio nos da un alojo\\r\\nmientras que todo se vuelve polvo\\r\\nhasta que al fin ya no somos nada\\r\\n\\r\\nEntonces porque razón hay muchas personas\\r\\nque se imaginan ser más que otras\\r\\nsi toca en el cementerio después de muertos\\r\\ntodos valemos la misma cosa\\r\\n\\r\\nSe acaba la vida se acaba el misterio\\r\\ncuando uno se muere ya no vale nada\\r\\naquí vale igual un pobre pordiosero\\r\\nque el mas ilustrado de la sociedad\\r\\n\\r\\nSe acaba la vida se acaba el misterio\\r\\ncuando uno se muere ya no vale nada\\r\\naquí vale igual un pobre pordiosero\\r\\nque el mas ilustrado de la sociedad\\r\\n\\r\\nSi Señor'),(4,'Dime pajarito\\r\\n\\r\\n\\r\\nDime pajarito,\\r\\npor qué hoy estas triste?\\r\\nno escucho en tu canto\\r\\nla misma alegría.\\r\\n\\r\\nDime si, a tu compañera perdiste\\r\\nO has venido a compartir la pena mía.(Bis)\\r\\n\\r\\nO quieres contarle al mundo\\r\\ntu inconformismo por lo que han hecho\\r\\ntu sabes que lo más lindo que yo tenía esta deshecho.\\r\\n\\r\\nSalí preocupado,\\r\\npa\' la gran ciudad\\r\\nyo venía del pueblo\\r\\ntrayendo en mis sueños\\r\\naquellos recuerdos que no volverán (Bis).\\r\\n\\r\\n...Kelly johana,\\r\\nes muy bonita...\\r\\n\\r\\nDime pajarito,\\r\\npor qué hoy estas solo?\\r\\ncantando y cantando\\r\\ncon melancolía.\\r\\n\\r\\nDime si, te han pagado del mismo modo\\r\\nComo a mi, me pago la que más quería.(Bis)\\r\\n\\r\\nO quieres contarle al mundo\\r\\ntu inconformismo por lo que han hecho\\r\\ntu sabes que lo más lindo que yo tenía esta deshecho.\\r\\n\\r\\nSalí preocupado,\\r\\npa\' la gran ciudad,\\r\\nyo venía del pueblo,\\r\\ntrayendo en mis sueños\\r\\naquellos recuerdos que no volverán (bis)'),(5,'Campana\\r\\n\\r\\n\\r\\nCampana,\\r\\nojos que nublan mi sol,\\r\\ncon su borrasca de amor,\\r\\nalma que mi alma estremece,\\r\\nave que vi una mañana,\\r\\nanidar en las ramas de mi ensoñación.\\r\\n\\r\\nCampana,\\r\\nque rasgó el silencio en mi pueblo,\\r\\nallá en mi niñez,\\r\\ncampana,\\r\\nyo siento un din don en mi alma,\\r\\ndesde que la arena en tu suelo,\\r\\npisaron mis pies.\\r\\n\\r\\nDejó una huella en tu sueño,\\r\\ny en la brisa un verso,\\r\\nsiempre seré yo tu dueño,\\r\\ny tu mi embeleso.\\r\\n\\r\\n[Linda pero linda que eres tú]\\r\\n\\r\\nCardos que vi florecer,\\r\\nsombra de sauce y laurel,\\r\\nquiero ser tu sufrimiento,\\r\\nluego fraguar con tu llanto,\\r\\nel divino holocausto de una inmensidad.\\r\\n\\r\\nCampana,\\r\\nal vibrar me dice mil cosas,\\r\\nque son mi verdad,\\r\\ncampana,\\r\\nesto encadenado en estrofas,\\r\\npredicción, delirio, esperanza,\\r\\ny nuestra ansiedad.\\r\\n\\r\\nEl temor de un día perderte,\\r\\nes lo que me hastía,\\r\\nnadie más podrá tenerte,\\r\\nporque tu eres mía.\\r\\n\\r\\nQuiero morir si no estás,\\r\\nen tus mares naufragar,\\r\\nquiero ser tú fiel camino,\\r\\ntu pasión inmarcesible,\\r\\nbordada en suspiros, manchada de ti.\\r\\n\\r\\nCampana,\\r\\nson recuerdos de aquellas tarde,\\r\\nurgidas de amor,\\r\\ncampana,\\r\\nal amarte soy un cobarde,\\r\\ntiemblo, grito, clamo y deliro,\\r\\nde pura ilusión.\\r\\n\\r\\nAñorando tu regreso,\\r\\nte veo en mis sueños,\\r\\nnadie más tendrá tus besos,\\r\\nporque soy tu dueño.'),(6,'Cariñito De Mi Vida\\r\\n\\r\\n\\r\\nI\\r\\nAy en tiempo de invierno a las montañas\\r\\nLas cubren las nubes en la cima\\r\\nY se reverdecen las sabanas\\r\\nSe colma la fauna de alegría\\r\\nCoro (1)\\r\\nY se alegra el campesino\\r\\nLa esperanza lo emociona\\r\\nY yo entre más días te deliro\\r\\nEn invierno y vera a tu ahora\\r\\n\\r\\nII\\r\\nAy el día por el sol que te acalora\\r\\nEn la noche la luna te refresca\\r\\nY en la mañanita veo la aurora\\r\\nY así nuevamente el sol calienta\\r\\nCoro (2)\\r\\nDiariamente veo el sol\\r\\nDiariamente veo la luna\\r\\nPero nunca encuentro tu amor\\r\\nY el tiempo que pasa me asusta\\r\\n\\r\\nIII\\r\\nAy no pierdas más tiempo cariñito\\r\\nPiensa que te quiero y nada mas\\r\\nY de los amores más bonitos\\r\\nSerá el que nosotros vamo’ a criar\\r\\nCoro (3)\\r\\nQue sea pronto no me aguanto\\r\\nCariñito de mi vida\\r\\nAncio por tenerte en mis brazos\\r\\nY seas eternamente mía.'),(7,'La Vida Es Un Carnaval\\r\\n\\r\\n\\r\\nTodo aquel\\r\\nQue piense que la vida es desigual\\r\\nTiene que saber que no es así\\r\\nQue la vida es una hermosura\\r\\nHay que vivirla\\r\\n\\r\\nTodo aquel\\r\\nQue piense que está solo y que está mal\\r\\nTiene que saber que no es así\\r\\nQue en la vida no hay nadie solo\\r\\nSiempre hay alguien\\r\\n\\r\\nAy, no hay que llorar\\r\\n(No hay que llorar)\\r\\nQue la vida es un carnaval\\r\\nQue es más bello vivir cantando\\r\\nOh oh oh ay, no hay que llorar\\r\\n(No hay que llorar)\\r\\nQue la vida es una carnaval\\r\\nY las penas se van cantando\\r\\n\\r\\nOh oh oh ay, no hay que llorar\\r\\n(No hay que llorar)\\r\\nQue la vida es un carnaval\\r\\nQue es más bello vivir cantando\\r\\nOh oh oh ay, no hay que llorar\\r\\n(No hay que llorar)\\r\\nQue la vida es un carnaval\\r\\nY las penas se van cantando\\r\\n\\r\\nTodo aquel\\r\\nQue piensa que este mundo siempre es crue\\r\\nTiene que saber que no es así\\r\\nQue tan solo hay momentos malos\\r\\nY todo pasa\\r\\n\\r\\nTodo aquel\\r\\nQue piense que esta vida es desigual\\r\\nTiene que saber que no es así\\r\\nQue al mal tiempo buena cara y todo cambia\\r\\n\\r\\nAy, no hay que llorar\\r\\n(No hay que llorar)\\r\\nQue la vida es un carnaval\\r\\nQue es más bello vivir cantando\\r\\nOh oh oh ay, no hay que llorar\\r\\n(No hay que llorar)\\r\\nQue la vida es una carnaval\\r\\nY las penas se van cantando\\r\\n\\r\\nOh oh oh ay, no hay que llorar\\r\\n(No hay que llorar)\\r\\nQue la vida es un carnaval\\r\\nQue es más bello vivir cantando\\r\\nOh oh oh ay, no hay que llorar\\r\\n(No hay que llorar)\\r\\nQue la vida es un carnaval\\r\\nY las penas se van cantando\\r\\n\\r\\n(Carnaval) es para reír\\r\\n(No hay que llorar) para gozar\\r\\n(Carnaval) para disfrutar\\r\\n(Hay que vivir cantando)\\r\\n(Carnaval) la vida es un carnaval\\r\\n(No hay que llorar) todos podemos gozar\\r\\n(Carnaval) ay señores\\r\\n(Hay que vivir cantando)\\r\\n(Carnaval) todo aquel que piense\\r\\n(No hay que llorar) que la vida es cruel\\r\\n(Carnaval) nunca estará solo\\r\\n(Hay que vivir cantando) Dios está con él\\r\\n\\r\\nPara aquellos que se quejan tanto (bua)\\r\\nPara aquellos que solo critican (bua)\\r\\nPara aquellos que usan las armas (bua)\\r\\nPara aquellos que nos contaminan (bua)\\r\\nPara aquellos que hacen la guerra (bua)\\r\\nPara aquellos que no nos quieren (bua)\\r\\nPara aquellos que nos maltratan (bua)\\r\\nPara aquellos que no sirven pa\' nada (bua)\\r\\n¿Cómo es eso?'),(8,'Abuelita\\r\\n\\r\\n\\r\\nRecordando a mi abuelita\\r\\nlos refranes que ella decía me hacían reir.\\r\\nY ahora soy yo quien lo digo\\r\\nEscucha que tú tambien los vas a decir\\r\\nEscucha que tú tambien los vas a decir.\\r\\n\\r\\nPalo que nace dobla\'o, jamás su tronco endereza\\r\\nLleva eso en la cabeza,\\r\\nque ella solía decir\\r\\nDime con quien andas, y te diré quien tu eres\\r\\nTen cuidado mi nietecito,\\r\\ncuidate de las mujeres.\\r\\nOjo por ojo, diente por diente\\r\\nAy que el corazón es ciego\\r\\ny también es mucha gente\\r\\nCoje consejo, llegar a viejo\\r\\nEscucha bien mi consejo\\r\\npara que llegues a viejo.\\r\\n\\r\\nCoro:\\r\\nAbuelita tus refranes me hacían reir.\\r\\n\\r\\n¡Ay! abuelita de mi vida\\r\\ncomo te recuerdo a ti\\r\\nyo te quiero yo te adoro\\r\\nes que tu eres mi único tesoro.\\r\\n\\r\\nAquel que abuela tiene\\r\\noye mi voz que retumba\\r\\ny si muerta tu la tienes\\r\\nvete llorale y rezale a la tumba.\\r\\n\\r\\n¡Ay! abuelita de mi vida\\r\\ncomo yo te quiero a ti\\r\\nabuelita y abuelita, por mi madre por mi madre\\r\\nque tu eres la mujer mas bonita.\\r\\n\\r\\nAgua que por la ribera\\r\\nmira que bonito va\\r\\nasi es el pelo de abuela blanquito\\r\\ny bonito de verdad abuelita.'),(9,'Predestinación\\r\\n\\r\\n\\r\\nAhhhhhhhhhhhhhhh..y\\r\\nCuando estoy pensando en tí\\r\\nse despide la alegria se aproxima la tristeza,\\r\\npenas y melancolias\\r\\nel corazón se dilata\\r\\nme dice que es culpa mía\\r\\nque todo lo que ha pasado\\r\\nfue una mala travesia\\r\\nque mi barca naufrago en el mar de tus mentiras\\r\\ny debo nadar muy fuerte\\r\\nsi quiero alcanzar la orilla\\r\\n\\r\\nque siempre en tú laberinto,\\r\\npues la entrada es la salida\\r\\ntodo tiene si principio\\r\\npero yo no lo sabia\\r\\nsi los luceros brillaban\\r\\ny las rosas florecian\\r\\nsi la luna te guardaba\\r\\ntraiciones que tu me hacias\\r\\nel viento corrio en mi contra\\r\\nlas piedras se interponian\\r\\ny hasta el mismo ruiseñor un dia canto y adorno mi fantasia\\r\\ncon sus labios me besos me lleno de hechiceria\\r\\nes tan dificil quitarte del pensamiento\\r\\nque mala suerte la mía\\r\\nte quieren tanto mis ojos que hasta en las sombras te mirán\\r\\ny es por eso que no niego\\r\\nque te quiero todavia.\\r\\n\\r\\nahhhhhhhhhhh...\\r\\nCuando estoy pensando en ti\\r\\ntodo en la vida se acaba\\r\\nle pregunto a los luceros\\r\\ny en vez de ellos me contesta la nostalgía\\r\\nque porque motivos lloro\\r\\nque si olvido hay que olvidarla\\r\\nque la predestinación\\r\\nes la ilusión que se alcanza y no se alcanza\\r\\nque en la vida no hay destino\\r\\nque uno mismo es quien lo labra\\r\\nse presenta mil caminos\\r\\nhay que saber cual es el que uno se traza\\r\\ntú escogiste el del vino y yo escogí el de la esperanza\\r\\ny el que quiere ser mejor hasta derriba montañas\\r\\nyo que pinte tú hermosura sobre la nube más alta\\r\\ny que baje las estrellas que iluminaron tu cara\\r\\ndespeje los nubarrones de la lluvia cuando pasa\\r\\npara que el sol mañanero alumbrara en tu ventana\\r\\ncuando veras que el amor\\r\\nsiempre fui yo\\r\\nquien te amo, te amara y te ama\\r\\nque mi cariño es el mismo\\r\\ny aunque te encuentres casada\\r\\nmis brazos estan abiertos\\r\\nesperando tu llegada\\r\\nno ves que mi corazón\\r\\nsolitario no se amaña\\r\\ny mis pies estan cansados\\r\\nporque no ayudas\\r\\na cortarme la distancia\\r\\nlo que te quiero decir\\r\\nes que regreses mañana\\r\\nporque si tú no regresas mi pobre vida se acaba.'),(10,'Valencia\\r\\n\\r\\n\\r\\nI\\r\\n\\r\\nValencia la novia del sol\\r\\nsus lagos con luna de abril\\r\\nparece un espejo de Dios\\r\\nciudad la mas gentil\\r\\niguala su límpido azul\\r\\nla gracia de cada mujer\\r\\nofrece un manojo de luz\\r\\nciudad de mi querer\\r\\n\\r\\ncoro\\r\\nValencia es...\\r\\ncantar y florecer..\\r\\nbendiga Dios..\\r\\nel valenciano sol...'),(11,'Ojos indios\\r\\n\\r\\n\\r\\nTiene los ojos indios como me gustan a mi (bis)\\r\\nHechiceros y chiquiticos brillantes como el safir (bis).\\r\\n\\r\\nPero ay si pudiera arrancártelos de tu faz\\r\\nA mi lado los tuviera que me miraran a mí no más.\\r\\nPero ay si pudiera arrancarlos de tu faz\\r\\nen un nicho los tuviera que me miraran a mí no más.\\r\\n\\r\\nTiene los ojos indios como me gustan a mí. (bis)\\r\\nElegantes y chiquitos como flor de alelí (bis)\\r\\nPero hay si pudiera arrancártelos de tu faz\\r\\nEn un nicho los tuviera que me miraban a mi no mas.\\r\\nPero hay si pudiera arrancártelos de tu faz\\r\\nA mi lado los tuviera que me miraban a mi no mas.'),(12,'El pescador\\r\\n\\r\\n\\r\\nVa subiendo la corriente\\r\\nCon chinchorro y atarraya\\r\\nLa canoa de bareque\\r\\nPara llegar a la playa.\\r\\n\\r\\nEl pescador... habla con la luna\\r\\nEl pescador... habla con la playa\\r\\nEl pescador... no tiene fortuna\\r\\nSólo su atarraya.\\r\\n\\r\\nLa luna espera sonriente\\r\\nCon su mágico esplendor\\r\\nLa llegada del valiente\\r\\nY del alegre pescador.\\r\\n\\r\\nEl pescador... habla con la luna\\r\\nEl pescador... habla con la playa\\r\\nEl pescador... no tiene fortuna\\r\\nSólo su atarraya.\\r\\n\\r\\nRegresan los pescadores\\r\\nCon su carga pa\' vender\\r\\nAl puerto de sus amores\\r\\nDonde tiene su querer.\\r\\n\\r\\nY esta cumbia que se llama\\r\\n\"el alegre pescador\"\\r\\nLa compuse una mañana\\r\\nUna mañana de sol.\\r\\n\\r\\nEl pescador... habla con la luna\\r\\nEl pescador... habla con la playa\\r\\nEl pescador... no tiene fortuna\\r\\nSólo su atarraya..'),(13,'Que será\\r\\n\\r\\n\\r\\nEh ea!\\r\\nQue será!!\\r\\n\\r\\nQue será lo que tiene esa mujer, que será lo que tiene esa mujer,\\r\\nla comparo con las otras y resplandece como estrella,\\r\\nque les falta a las demas, que sutiles sobre ella.\\r\\nQue será lo que tiene esa mujer, que será lo que tiene esa mujer,\\r\\nme domina, me enloquece, ignorarla es imposible,\\r\\nlo que tiene esa mujer, me parece irresistible.\\r\\nQue será lo que tiene esa mujer, que será lo que tiene esa mujer,\\r\\nay! Dios mío yo te pido que jamas tu te la lleves\\r\\npara poderme quedar con lo que esa mujer tiene.\\r\\nQue será lo que tiene esa mujer, que será lo que tiene esa mujer,\\r\\ntodo el mundo se pregunta y comenta por la calle\\r\\nque me ha hecho esa mujer, que voy flotando en el aire.\\r\\n\\r\\n(Melodía)\\r\\n\\r\\nY con esa miradita que me das de medio lao`\\r\\ntu me dejas mamacita Nocaauut!!\\r\\ny con esa miradita que me das de medio lao`\\r\\ntu me dejas mamacita Nocaauut!!\\r\\nMe pongo a pensar de noche,\\r\\nlo que tiene esa mujer\\r\\ny llego a la conclusión,\\r\\nque te po, que te po, que te pones loco.\\r\\n\\r\\nMe pone nervioso (que será), me pone a temblar (que será),\\r\\nyo salgo de casa (que será), a ningun lugar (que será),\\r\\nsu amor no me cansa (que será), vivo enamorao`(que será),\\r\\nno se lo que tiene (que será), me tiene noqueao`(que será).\\r\\nMe pongo nervioso (que será), me pone a temblar (que será),\\r\\nyo salgo de casa (que será), a ningun lugar (que será),\\r\\nsu amor no me cansa (que será), vivo enamorao`(que será),\\r\\nyo salgo de noche (que será), y me tiene noqueao`.\\r\\n\\r\\n(Melodía)\\r\\n\\r\\nQue será lo que tiene esa mujer, que será lo que tiene esa mujer,\\r\\nla comparo con las otras y resplandece como estrella,\\r\\nque les falta a las demas, que sutiles sobre ella.\\r\\nQue será lo que tiene esa mujer, que será lo que tiene esa mujer,\\r\\nme domina, me enloquece, ignorarla es imposible,\\r\\nlo que tiene esa mujer, me parece irresistible.\\r\\nQue será lo que tiene esa mujer, que será lo que tiene esa mujer,\\r\\nay! Dios mío yo te pido que jamas tu te la lleves\\r\\npara poderme quedar con lo que esa mujer tiene.\\r\\nQue será lo que tiene esa mujer, que será lo que tiene esa mujer,\\r\\ntodo el mundo se pregunta y comenta por la calle\\r\\nque me ha hecho esa mujer, que voy flotando en el aire.\\r\\n\\r\\n(Música)\\r\\nUh! Uh! Ah ah!!\\r\\n\\r\\nQue será lo que tiene esa mujer, que será lo que tiene esa mujer,\\r\\ntodo el mundo se pregunta y comenta por la calle\\r\\nque me ha hecho esa mujer, que voy flotando en el aire.\\r\\n\\r\\nFIN'),(14,'En el Cielo No Hay Hospital\\r\\n\\r\\n\\r\\n Gracias al Dios Bendito yo fui sanado de todo stress\\r\\nMe curó de la sinusitis y la migraña que bueno es El\\r\\nMe sacó de la depresión y ahora yo le bailo en un solo pie\\r\\ny no me duele la cinturita, ay! que rico.\\r\\n\\r\\nEn el cielo no hay hospital ! te aseguro que te quiere sanar\\r\\nEn su nombre te vas a levantar. En el cielo no hay hospital !\\r\\n\\r\\nEn el cielo no hay hospital ! te aseguro que te quiere sanar\\r\\nEn su nombre te vas a levantar. En el cielo no hay hospital !\\r\\n\\r\\nGracias a Jesucristo yo fui sanado de un gran dolor\\r\\nPara El no hay nada imposible todo lo puede que gran doctor ! (que doctor !)\\r\\nMe sanó del ojo derecho y de un colapso en el corazón.\\r\\nY no me duele la espalda baja, ay! que rico.\\r\\n\\r\\nEn el cielo no hay hospital ! te aseguro que te quiere sanar\\r\\nEn su nombre te vas a levantar. En el cielo no hay hospital !\\r\\n\\r\\nEn el cielo no hay hospital ! te aseguro que te quiere sanar\\r\\nEn su nombre te vas a levantar. En el cielo no hay hospital !\\r\\n\\r\\nNo hay hospital no ! , no hay hospital, no hay hospital no no !\\r\\n\\r\\nTe lo dije (No hay hospital)\\r\\nNo hay Ben Gay (No hay hospital)\\r\\ny te sana (No hay hospital)\\r\\nBueno y Fiel (No hay hospital)\\r\\n\\r\\nNo es un cuento (No hay hospital)\\r\\nNi es palé (No hay hospital)\\r\\nTe levanta (No hay hospital)\\r\\nCon tu Fé (No hay hospital)\\r\\n\\r\\nSi ! eeeeje !\\r\\nMira que te levanta ...\\r\\n\\r\\nTe repito (No hay hospital)\\r\\nClementina (No hay hospital)\\r\\nEl te añoña (No hay hospital)\\r\\ny El te cuida (No hay hospital)\\r\\n\\r\\nYo le canto (No hay hospital)\\r\\nComo es (No hay hospital)\\r\\ny le bailo (No hay hospital)\\r\\nEn un pie (Pero mira que bonito !)\\r\\n\\r\\nEn un pie !\\r\\nEn un pie !\\r\\nEn un pie ! (Ay mira como bailo !)\\r\\nEn un pie !\\r\\nEn un pie !\\r\\nEn un pie ! (Ojooooye !)\\r\\nEn un pie !\\r\\nEn un pie !\\r\\n\\r\\nEn el cielo no hay hospital ! te aseguro que te quiere sanar\\r\\nEn su nombre te vas a levantar. En el cielo no hay hospital !\\r\\n\\r\\nEn el cielo no hay hospital ! te aseguro que te quiere sanar\\r\\nEn su nombre te vas a levantar. En el cielo no hay hospital !'),(15,'Stop This Song\\r\\n\\r\\n\\r\\n You say the sweetest things and I\\r\\nCan\'t keep my heart from singing\\r\\nalong to the sound of your song\\r\\nMy stupid feet keep moving\\r\\nto this 4/4 beat, I\'m in time with you\\r\\nWhoa, to this 4/4 beat I would die for you (die for you)\\r\\n\\r\\n(Someone stop this)\\r\\nI\'ve gone to far to come back from here,\\r\\nbut you don\'t have a clue\\r\\nYou don\'t know what you do to me\\r\\n\\r\\nWon\'t someone stop this song,\\r\\nso I won\'t sing along\\r\\nSomeone stop this song,\\r\\nso I won\'t sing..\\r\\n\\r\\nI never let love in\\r\\nso I could keep my heart from hurting\\r\\nThe longer that I live with this idea, the more I sink into this 4/4 beat\\r\\nI\'m in time with you\\r\\nWhoa, to this 4/4 beat I would die for you (stop this song)\\r\\n\\r\\nI\'ve gone to far to come back from here,\\r\\nbut you don\'t have a clue\\r\\nYou don\'t know what you do to me\\r\\nI\'ve come to far to get over you,\\r\\nand you don\'t have a clue\\r\\nYou don\'t know what you do to me\\r\\n\\r\\nCan\'t someone stop this song,\\r\\nso I won\'t sing along\\r\\nSomeone stop this song,\\r\\nso I won\'t sing\\r\\n\\r\\nYour lovesick melody\\r\\nis gonna get the best of me tonight\\r\\nBut you won\'t get to me if I don\'t sing\\r\\n\\r\\nIt creeps in like a spider\\r\\nCan\'t be killed, although I try and try to\\r\\nWell, don\'t you see I\'m falling?\\r\\nDon\'t wanna love you, but I do\\r\\n\\r\\n(Lovesick melody) Can someone stop this song, so I won\'t sing along?\\r\\n(Lovesick melody) Can someone stop this song, so I won\'t sing?\\r\\nYour lovesick melody\\r\\nis gonna get the best of me tonight\\r\\nBut you won\'t get to me, no\\r\\nYou won\'t get to me \'cause I won\'t sing'),(16,'Lithium\\r\\n\\r\\n\\r\\nLithium- don\'t want to lock me up inside\\r\\nlithium- don\'t want to forget how it feels without\\r\\nlithium- I want to stay in love with my sorrow\\r\\noh but God I want to let it go\\r\\n\\r\\ncome to bed, don\'t make me sleep alone\\r\\ncouldn\'t hide the emptiness you let it show\\r\\nnever wanted it to be so cold\\r\\njust didn\'t drink enough to say you love me\\r\\n\\r\\nI can\'t hold on to me\\r\\nwonder what\'s wrong with me\\r\\n\\r\\nLithium- don\'t want to lock me up inside\\r\\nlithium- don\'t want to forget how it feels without\\r\\nlithium- I want to stay in love with my sorrow\\r\\n\\r\\nDon\'t want to let it lay me down this time\\r\\ndrown my will to fly\\r\\nhere in the darkness I know myself\\r\\ncan\'t break free until I let it go\\r\\nlet me go\\r\\n\\r\\nDarling, I forgive you after all\\r\\nanything is better than to be alone\\r\\nand in the end I guess I had to fall\\r\\nalways find my place among the ashes\\r\\n\\r\\nI can\'t hold on to me\\r\\nwonder what\'s wrong with me\\r\\n\\r\\nLithium- don\'t want to lock me up inside\\r\\nlithium- don\'t want to forget how it feels without\\r\\nlithium- I want to stay in love with my sorrow\\r\\noh but God I want to let it go'),(17,'Japanese Rourezo Caramel Town\\r\\n\\r\\n\\r\\nArukitsukaretato, konomachiwa osyaberisiteita, mayonaka.\\r\\nSorani raitono irodoriga utsuru, hoshiga mienakunaruhodo.\\r\\n\\r\\nKonomachino tsumi.\\r\\n\\r\\nSorewa, amaihimitsuwo kakushita Gungorino teguse.\\r\\n\\r\\nKeikakusaretatoorida, jyuubunna syuukyakuga mikomeru.\\r\\n(Gungoriwa konomachiwo tsukutta souzousyu, yuiitsushintoshite agamerareteiru.)\\r\\nKuromitsuatamano yashironimo \"Nanji, moumokunaran\" no Ditsntata (Shindengon).\\r\\n\\r\\nMadachikayorenaito, bokuwa hayakuchide tsubuyaiteiru, mayonaka.\\r\\nYojireru kimino tanoshisouna kagega mieru, nanika iwanakucya.\\r\\n\\r\\nBokuwa kuyamuno.\\r\\n\\r\\nSorewa, Machino akarini kakureta Gungorino itazura.\\r\\n\\r\\nYokisenusouzouga, ikinari bokuno mabutawo oou.\\r\\nKiminokaradano dokoe kiss shiyou. Tsudukezama omoukeredo.\\r\\n\\r\\nHanarenuyukigeshiki, hanasanu mukuchinakimi, hutatsuno kagewa yotouni yurarete.\\r\\n\\r\\nMahouno serihugaarunonara, imasuguoshieteyo, sorewa, konosyunkanno kisekito naru.\\r\\n\\r\\nSorewa, kawaiikimiga barashita wasurenai yakusoku.\\r\\n\\r\\nYokisenugenjitsuga, ikinari bokunokokoro ubaisaru.\\r\\nKiminokarada→nodo→ koe→\"kiss shiyou\" kimochiwa takanarukeredo.\\r\\n\\r\\nHanarenu zukigeshiki, hanasanu mukuchinakimi, hutatsunokagewa zotouni yurarete.\\r\\nYumesakukabukiiro, ichimenno yukiwo terashi, ookunoirowa koremizogashito haeru.\\r\\n\\r\\nChikaduku kuchibiruto kuchibiruno kyoriwo hakatte ato sukoshi\\r\\n\\r\\nHanareta genjitsusekai, hanasanu mukuchinakimi, butouwa nanizorimo yuubentonaru.\\r\\nHanasaku kisetsusae, kasunde mieteshimauhodo, konomachino hikariwa huzunimo atatakakute.\\r\\nZuttone '),(18,'D-tecnolife\\r\\n\\r\\n\\r\\nIenai itami kanashimi de kizu tsuita kimi yo\\r\\nkesenai kako mo seoi atte ikou ikiru koto wo nage dasanai de\\r\\n\\r\\ntsunaida kimi no te wo\\r\\n\\r\\nitsuka ushinatte shimau no kana\\r\\nusurete iku egao to kimi wo mamoritai kara\\r\\nhibiku boku wo yobu koe sae kare\\r\\ntoki ni sou kaze ni kaki kesaretatte\\r\\nkimi wo mitsuke dasu\\r\\n\\r\\nienai itami kanashimi de kizu tsuita kimi\\r\\nmou waraenai nante hito girai nante kotoba sou iwanai de\\r\\nmienai mirai ni okoru koto subete ni imi ga aru kara\\r\\nima wa sono mama de ii kitto kizukeru toki ga kuru daro\\r\\n\\r\\nsabikitta hito no you ni\\r\\n\\r\\nkasanari au dake ga munashikute\\r\\nhitori de ikite ikerutte itteta\\r\\narifureta yasashisa kotobajya\\r\\nima wa mou todokanai hodo ni kimi wa uzukidasu\\r\\n\\r\\ntsunai da kimi no te wa nanigenai yasashisa wo motome\\r\\nDo you remember\\r\\nitami wo shiru koto de hito ni yasashiku nareru kara\\r\\nDrive your Life\\r\\n\\r\\nienai itami kanashimi de kizu tsuita kimi\\r\\nmou waraenai nante hito girai nante kotoba sou iwanai de\\r\\nmienai mirai ni okoru koto subete ni imi ga aru kara\\r\\nima wa sono mama de ii kitto kizukeru toki ga kuru daro\\r\\n\\r\\nHow can I see the meaning of life\\r\\nkieteku you\'re the only. . .\\r\\n\\r\\nkowarenai you ni to hanarete iku kimi\\r\\nmou waraenai nante hito girai nante kotoba sou iwanai de\\r\\nima wa by and by mie nakuttatte subete ni imi ga aru kara\\r\\nkesenai kako mo seoi attekou ikiru koto wo nagedasanai de\\r\\n\\r\\nYou\'d better forget everything. Remember. . . your different Life?\\r\\nYou\'d better forget everything. Remember. . . modoranai kedo\\r\\n\\r\\nhizunda kioku no you na toki no naka de itsuka wakari aeru kara'),(19,'Desahogo\\r\\n\\r\\n\\r\\nSe me ponen el cinturon...\\r\\nY se me aguantan... Y Dice!\\r\\n\\r\\nYo no lloro\\r\\nSi caigo me levanto del lodo\\r\\nSaco el bolígrafo y me desahogo\\r\\nNo tienen que venir aquí a ponerme pila\\r\\nDiciendo las verdades me dicen el kila\\r\\nYo no lloro\\r\\nSi caigo me levanto del lodo\\r\\nSaco el bolígrafo y me desahogo\\r\\nNo tienen que venir aquí a ponerme pila\\r\\nDiciendo las verdades me dicen el kila\\r\\n\\r\\nOK\\r\\nEsta canción no es para pegarme mas\\r\\nLo necesario es necesario,\\r\\nLo que no hace falta esta de mas\\r\\nMe desahogo porque el mundo me provoca\\r\\nMe sale por los poros si me tapan esta boca\\r\\nY empiezo con los que me preguntaron:\\r\\nVico C ahora que vas a sacar que te tiraron?\\r\\nHasta de tu vida personal hablaron\\r\\nTu nombre usaron\\r\\nFilosofo contigo se pasaron\\r\\nYo les contesto que si tengo 15 años\\r\\nCantándoles en contra de las cosas que hacen daño\\r\\nComo pretenden que por una guerra tonta\\r\\nDe tanto buen mensaje que he grabao me valla en contra\\r\\nTu crees que yo no tengo suficiente lírica\\r\\nPara defenderme y a cualquiera darles clínica?\\r\\nPero mis letras no se tratan d\'eso\\r\\nMi misión con la gente tiene mucho mas peso\\r\\nY no es que me guille de pastor\\r\\nPero acepta que este genero esta fuera de control\\r\\nTodo es sexo, todo es violencia por competencia\\r\\nY yo como buen padre voy a cuidar mi descendencia\\r\\nTambién de los anuncios que se exhiben\\r\\nComo el de la culai que dice el cuerpo te la pide\\r\\nComo diciendo: mi veneno te hace falta\\r\\nCompra mi producto tripea brinca y salta\\r\\nY ahi se fue un auspicio menos\\r\\nPues cuando arranco diciendo la verdad no tengo frenos\\r\\nBueno perdona si te estoy incomodando\\r\\npero no estoy tirando me estoy desahogando\\r\\n\\r\\n[CORO]\\r\\n\\r\\nLos políticos\\r\\nQue matan por su posición\\r\\nA los raperos nos tenían en persecución\\r\\nAl percatarse de que el pueblo quiere vacilon\\r\\nAhora hicieron sus campañas con reggaeton\\r\\nAsí cualquiera señor ya sabemos lo que traman\\r\\nNos usan pa ganar después nos tiran cuando ganan\\r\\ny ahi es que podemos ver la verdad\\r\\nQue trabajan por el voto no por la sociedad\\r\\nNo les importan las vidas que en el barrio se han perdido\\r\\nY pa\' ganar las elecciones van al caserío\\r\\nAbrazan a mi abuela saludan a mi tío\\r\\nPero los pasados 4 años estaban escondidos\\r\\nMi hermano usted que dice ser cristiano\\r\\nCuando vez un vagabundo por que no le das la mano?\\r\\nLe dices de lejitos Dios te bendiga\\r\\nPero no sacas ni un pesito para llenarles la barriga\\r\\nMira! Te están mirando desde arriba\\r\\nEl evangelio no se trata de gastar saliva\\r\\nSi quieres que te escuchen tienes que darles vida\\r\\nY dale un buen abrazo al que este muriendo de SIDA\\r\\nA la televisión:\\r\\n¿qué te pasó papa?\\r\\nQue si no enseñas una orgía no estas en nada\\r\\nVete y camina por la calle mira como están\\r\\nY no digas que no tiene que ver con su maldad\\r\\nEs la verdad\\r\\nAunque se me escondan y lo nieguen\\r\\nNo voy a ser hipócrita pa\' que mis discos peguen\\r\\nPues yo no pertenezco a los cantantes que les temen\\r\\nQue dicen cualquier cosa\\r\\nCon tal de que lo suenen\\r\\n\\r\\n[CORO]\\r\\n\\r\\nHop ahora busca el alcoholado y Sobate!\\r\\nTe lo dije que la tenia pesa ..verdad?\\r\\nyo Ecko! Saco el bolígrafo y me desahogo\\r\\n...me desahogo... me...'),(20,'You Know How We Do It\\r\\n\\r\\n\\r\\nSlippin\', slidin\', glidin\' low-ridin\'\\r\\nAin\'t no hidin from this hit\\r\\nFool, you know how we do it\\r\\n\\r\\nWest Side\\r\\nI\'m comin\' from the West Side\\r\\nWessyde, it\'s hittin\' on the West Side..\\r\\nYeah, fool\\r\\n\\r\\nAin\'t nothin\' goin\' on but the bomb-ass rap song\\r\\nHittin\' all night long\\r\\nJust like me on the black and white ivory\\r\\nGettin six on artillery, you don\'t want to see a G\\r\\nBreak yo\' ass like dishes\\r\\nBuster-ass tricks, sleep with the fishes\\r\\nRunnin\' from Lennox, up at Venice\\r\\nThey want to have me in stripes, like Dennis the Menace\\r\\nBut that ain\'t poppin\', ain\'t no stoppin\'\\r\\nFo\'-hoppin\', ass droppin\', Coupe DeVille\\r\\nMy truth can kill, fool I got skills\\r\\nSo, back on up \'fore I check that chin\\r\\nDown as fuck and I\'m full off Henn\'\\r\\nYou gets no love and I thought you knew it\\r\\nFool, you know how we do it\\r\\n\\r\\nWessyde, it\'s bumpin\' on the East Side\\r\\nIt\'s slammin\' on the South Side\\r\\nMakin\' noise on the North Side\\r\\n\\r\\nChillin\' with the homies, smellin\' the bud\\r\\nDouble parked, and I\'m talkin\' to Dub\\r\\nAbout who got a plan, who got a plot\\r\\nWhom got got, and who got shot\\r\\nCause everybody knows that he got the info\\r\\nCrazy Toones hangin\' out the window\\r\\nFool I got them bomb-ass tapes\\r\\nDa Lench Mob, Planet of the Apes\\r\\nI\'m down with Eiht, and Watts Up\\r\\nKam and Solo, they got nuts\\r\\nWhen Ice Cube write a sentence\\r\\nI want The Bomb, just like George Clinton\\r\\nS-K-D is down to catch a body\\r\\nPut on Knee Deep, we\'ll turn out your party\\r\\nYou gets no love and I thought you knew it\\r\\nFool, you know how we do it\\r\\n\\r\\nFool, you know how we do it\\r\\nI\'m hittin\' on the West Side\\r\\nIt\'s bumpin\' on the East Side\\r\\nSlammin\' on the South Side\\r\\nMakin\' noise on the North Side\\r\\n\\r\\nNow Jack B. Nimble, and Jack B. Quick\\r\\nIf you want to jack me on a lick, cause\\r\\nI\'m that fool from South Central\\r\\nYou think you stuck yourself, with a number 2 pencil\\r\\nThat\'s how I poke hot lead in yo\' ass\\r\\nWith Mo\' Bounce to the Ounce in the dash\\r\\nMash up, Ve-nice, headed for the West\\r\\nEverything is great, slow down for the dip\\r\\nOn a 100 and 8th and keep mashin\'\\r\\nDon\'t drink and drive to keep the fo\' from crashin\'\\r\\nStashin\' a glock and I thought you knew it\\r\\nFool, you know how we do it and\\r\\nYou can\'t fade the are-E-M-I-X\\r\\nGoin\' to the bank cashin\' big fat checks\\r\\nWhat\'s next on the menu?\\r\\nGot a big fat booty to attend to, ooh\\r\\nWith the rhythm it takes to dance to but\\r\\nWe got to live, too\\r\\nMobbin\' and robbin\' and squabbin\' and stealin\'\\r\\nK-Dee and me, I got the feelin\'\\r\\nAnd won\'t be happy til I\'m platinum loc\'\\r\\nThe mic smoke (and all the hoes are broke)\\r\\nThe freshest MC in the world, who is?\\r\\n(You is) You know how we do it\\r\\n\\r\\nFool, you know how we do it\\r\\nI\'m hittin\' on the West Side\\r\\nIt\'s bumpin\' on the East Side\\r\\nSlammin\' on the South Side\\r\\nMakin\' noise on the North Side\\r\\n\\r\\nAin\'t nothin\' goin\' on but the bomb-ass rap song\\r\\nAin\'t nothin\' goin\' on but the bomb-ass rap song\\r\\nAin\'t nothin\' goin\' on but the bomb-ass rap song'),(21,'Tres canciones\\r\\n\\r\\n\\r\\n Hágame el favor compadre \"Debe\" \\r\\n\\llegue a esa ventana marroncita \\r\\n\\toque tres canciones bien bonitas \\r\\n\\que a mi no me importa si se ofenden (bis) \\r\\n\\\\r\\n\\Que yo las canto con el alma, \\r\\n\\para esa linda morenita \\r\\n\\de la ventana marroncita, \\r\\n\\a donde duerme mi adorada (bis) \\r\\n\\\\r\\n\\Dicen que el amor cuando es sincero \\r\\n\\es como una nube en primavera \\r\\n\\que devuelve a bueno un aguacero \\r\\n\\agua para sustentar la tierra (bis) \\r\\n\\\\r\\n\\Y en esa forma el corazón \\r\\n\\Ay! cuando quiere de verdad \\r\\n\\de día de noche o madruga\' \\r\\n\\vive alimentando su amor (bis) \\r\\n\\\\r\\n\\Este sentimiento cariñoso \\r\\n\\gira alrededor de mi alma buena \\r\\n\\que por ser tan noble me condena \\r\\n\\y eso es lo que a ti te importa poco (bis) \\r\\n\\\\r\\n\\Ya yo no quisiera insistirte \\r\\n\\porque veo poca voluntad \\r\\n\\y esta es una vaina fregada \\r\\n\\ya yo no tengo que decirte (bis)'),(22,'Déjala\\r\\n\\r\\n\\r\\n Pero que vivan los hombres, de papá pa\'ca, que vivan los hombres \\r\\n\\\\r\\n\\Amigo, escucha este consejo \\r\\n\\que yo te doy pa\' que la dejes \\r\\n\\porque razón te haces el ciego \\r\\n\\si sabes bien que no te quiere \\r\\n\\\\r\\n\\No sigas viviendo de engaños \\r\\n\\que así no puedes ser feliz \\r\\n\\tu amor te esta causando daños \\r\\n\\y yo no quiero un mal pa\' ti \\r\\n\\\\r\\n\\No eres el primero \\r\\n\\ni el último menos \\r\\n\\que lo traiciona una mujer \\r\\n\\pero ya esta bueno \\r\\n\\que sigas sufriendo \\r\\n\\sin razón de ser \\r\\n\\total para que \\r\\n\\no te están queriendo. \\r\\n\\\\r\\n\\Dejala, que va acabar contigo \\r\\n\\dejala, que nunca te han querido \\r\\n\\dejala, por tu bien te lo digo \\r\\n\\dejala, es tu mejor destino. \\r\\n\\\\r\\n\\Te gusta demasiado y no puedes olvidarla, \\r\\n\\estás enamorado pero tienes que dejarla \\r\\n\\\\r\\n\\Dejala, búscate otra mujer \\r\\n\\dejala, pa\' que sufra también \\r\\n\\dejala, no la vuelvas a ver \\r\\n\\dejala, que no te va a querer \\r\\n\\\\r\\n\\Lo que pasa es que hay unas \\r\\n\\que creen que el mundo es de ellas \\r\\n\\y los demás vivimos alquilados \\r\\n\\\\r\\n\\Amigo, estoy muy preocupado \\r\\n\\porque yo sé que estás mintiendo \\r\\n\\dijiste que la habías dejado \\r\\n\\y no es así la sigues viendo \\r\\n\\\\r\\n\\Más que un amigo soy tú hermano \\r\\n\\por eso escucha mis consejos \\r\\n\\que ganas con seguirla amando \\r\\n\\si no están correspondiendo \\r\\n\\\\r\\n\\La sigues queriendo y yo te comprendo \\r\\n\\pero te voy a hacer saber \\r\\n\\que yo estoy saliendo \\r\\n\\hace mucho tiempo con esa mujer \\r\\n\\si no me lo crees \\r\\n\\yo te lo demuestro. \\r\\n\\\\r\\n\\Dejala, que va acabar contigo \\r\\n\\dejala, que nunca te han querido \\r\\n\\dejala, por tú bien te lo digo \\r\\n\\dejala, es tú mejor destino \\r\\n\\\\r\\n\\No pierdas más tu tiempo \\r\\n\\que no quiero verte hundido \\r\\n\\quien escucha consejos \\r\\n\\llega a viejo querido amigo \\r\\n\\\\r\\n\\Dejala, búscate otra mujer \\r\\n\\dejala, pa\' que sufra también \\r\\n\\dejala, no la vuelvas a ver \\r\\n\\dejala, que no te va a querer'),(23,'El Higuerón\\r\\n\\\\r\\n\\\\r\\n\\ Ah, \\r\\n\\no busques negra, que yo me muera \\r\\n\\como me dejas, pasando penas(Bis). \\r\\n\\\\r\\n\\Debajo del higueron, debajo del higueron \\r\\n\\debajo del higueron, donde siempre te esperaba(Bis). \\r\\n\\\\r\\n\\Allí me diste tu amor, yo también mi amor te daba(Bis) \\r\\n\\llora, llora corazón, dale un consuelo a mi alma \\r\\n\\debajo del higueron, donde siempre te esperaba. \\r\\n\\\\r\\n\\No busques negra, que yo me muera \\r\\n\\como me dejas, pasando penas(Bis). \\r\\n\\\\r\\n\\Debajo del higueron, debajo del higueron \\r\\n\\debajo del higueron, hay dos ramos de claveles(Bis). \\r\\n\\\\r\\n\\Debes de cuidar mi amor, sino lo cuidas lo pierdes(Bis), \\r\\n\\dice un adagio de amor, que el que no cela no quiere \\r\\n\\debajo del higueron, hay dos ramos de claveles. \\r\\n\\\\r\\n\\No busques negra, que yo me muera \\r\\n\\como me dejas, pasando penas(Bis). \\r\\n\\\\r\\n\\[Oye Rafa, y esa chica es un paquete, \\r\\n\\pa\' que te voy a contar chiche y como te tiene?] \\r\\n\\\\r\\n\\Ay, me tiene entusiasma\'o \\r\\n\\me tiene enamora\'o, \\r\\n\\me tiene alborota\'o, \\r\\n\\me tiene acoquina\'o, \\r\\n\\la voy a cortar, sua, sua, sua, con la tijera, la voy a cortar(Bis), \\r\\n\\me tiene esmigaja\'o, \\r\\n\\me va volver encholla\'o, \\r\\n\\me tira pa\' este la\'o, \\r\\n\\y me deja pica\'o, \\r\\n\\me tiene abochorna\'o y sigo enamora\'o, \\r\\n\\me tiene ajue, yo no sé como va a hacer conmigo, \\r\\n\\este es azuquita hasta el lunes.'),(24,'Esa\\r\\n\\\\r\\n\\\\r\\n\\ ¿Cuál es la que llora, \\r\\n\\cuando ve que estoy sufriendo? \\r\\n\\¿Cuál es la que calla, \\r\\n\\cuando no hay para comer? \\r\\n\\esa, la que esta en la casa \\r\\n\\por nuestro hijo viendo \\r\\n\\la de temple de señora \\r\\n\\y talla de mujer. \\r\\n\\\\r\\n\\Esa, es la que tanto quiero. \\r\\n\\Esa, es la que tanto adoro. \\r\\n\\Esa, por la que me muero \\r\\n\\Esa, es la de mis antojos.(bis) \\r\\n\\\\r\\n\\...José Vázquez, \\r\\n\\que lindo es querer así, piedad... \\r\\n\\\\r\\n\\Esa, que cuando la llamo \\r\\n\\me viene sonriendo, \\r\\n\\y si la quiero en mis brazos \\r\\n\\se deja tener. \\r\\n\\Esa, es la que tanto quiero \\r\\n\\Esa, si es mi mujer \\r\\n\\\\r\\n\\Esa, es la que tanto quiero. \\r\\n\\Esa, es la que tanto adoro. \\r\\n\\Esa, por la que me muero \\r\\n\\Esa, es la de mis antojos.(bis) \\r\\n\\\\r\\n\\Esa, es la que tanto quiero. \\r\\n\\Esa, es la que tanto adoro. \\r\\n\\Esa, por la que me muero \\r\\n\\Esa, es la de mis antojos.(bis) \\r\\n\\\\r\\n\\Esa, es la que tanto quiero. \\r\\n\\Esa, es la que tanto adoro. \\r\\n\\Esa, por la que me muero \\r\\n\\Esa, es la de mis antojos.(bis)'),(25,'Que Bonita Es Esta Vida\\r\\n\\\\r\\n\\\\r\\n\\ Me gusta el olor que tienen la mañana \\r\\n\\me gusta el primer traguito de café \\r\\n\\sentir como el sol se asoma en mi ventana \\r\\n\\y me llena la mirada, de un hermoso amanecer. \\r\\n\\Me gusta escuchar la paz de las montañas \\r\\n\\mirar los colores del atardecer \\r\\n\\sentir en mis pies la arena de la playa \\r\\n\\y lo dulce de la caña, cuando beso a mi mujer. \\r\\n\\\\r\\n\\Se, se que el tiempo lleva prisa, pa\' borrarme de la lista, pero yo le digo que. \\r\\n\\\\r\\n\\Ay, que bonita es esta vida \\r\\n\\aunque a veces duela tanto \\r\\n\\y a pesar de los pesares \\r\\n\\siempre hay alguien que nos quiere, siempre hay alguien que nos cuida. \\r\\n\\Ay ay ay ay, que bonita es esta vida \\r\\n\\y aunque no sea para siempre \\r\\n\\si la vivo con mi gente \\r\\n\\es bonita hasta la muerte con canciones y tequila. \\r\\n\\\\r\\n\\Me gusta escuchar la voz de una guitarra \\r\\n\\brindar por aquel amigo que se fue \\r\\n\\sentir el abrazo de la madrugada \\r\\n\\y llenarme la mirada de otro hermoso amanecer. \\r\\n\\\\r\\n\\Se, se que el tiempo lleva prisa, pa\' borrarme de la lista, pero yo le digo que. \\r\\n\\\\r\\n\\Ay, que bonita es esta vida \\r\\n\\aunque a veces duela tanto \\r\\n\\y a pesar de los pesares \\r\\n\\siempre hay alguien que nos quiere, siempre hay alguien que nos cuida. \\r\\n\\Ay ay ay ay, que bonita es esta vida \\r\\n\\y aunque no sea para siempre \\r\\n\\si la vivo con mi gente \\r\\n\\es bonita hasta la muerte con canciones y tequila. \\r\\n\\Ay ay ay ay, que bonita es esta vida \\r\\n\\aunque a veces duela tanto \\r\\n\\y a pesar de los pesares \\r\\n\\siempre hay alguien que nos quiere, siempre hay alguien que nos cuida. \\r\\n\\Ay ay ay ay, que bonita es esta vida \\r\\n\\y aunque no sea para siempre \\r\\n\\si la vivo con mi gente \\r\\n\\es bonita hasta la muerte con canciones y tequila.'),(26,'Cuatro Rosas\\r\\n\\\\r\\n\\\\r\\n\\ Hoy vengo con mis manos llenas de sinceridad \\r\\n\\Llena de verdades \\r\\n\\Porque el hombre cuando es noble se arrepiente \\r\\n\\Te quiero con las fuerzas que no tengo \\r\\n\\Y por nada de este mundo yo te pierdo \\r\\n\\Pero no voy a dejar todo por nada \\r\\n\\El amor sincero \\r\\n\\Por el pasajero \\r\\n\\El amor que vale \\r\\n\\Por el de la calle \\r\\n\\Por andar de locos \\r\\n\\Yo casi te pierdo \\r\\n\\Pero me arrepiento \\r\\n\\Voy a conquistarte \\r\\n\\\\r\\n\\Por eso traigo Cuatro rosas en mis manos \\r\\n\\Una por cada tristeza que te he causado \\r\\n\\Perdona por ocultarte cosas que eran importantes \\r\\n\\Perdona yo no quería entender que no podía olvidarte \\r\\n\\Perdona haberte pedido que nos diéramos un tiempo \\r\\n\\Perdona mi locura mas grande solo a ti te quiero \\r\\n\\\\r\\n\\Solo a ti, solo a ti \\r\\n\\Te verán de la mano de este hombre enamorado \\r\\n\\Solo a ti, solo a ti \\r\\n\\Quiero serte fiel hasta con el pensamiento \\r\\n\\Solo a ti, solo a ti \\r\\n\\Te debo el olvido de mi triste pasado \\r\\n\\Solo a ti, solo a ti \\r\\n\\Quiero llevarte a la iglesia y jurarte amor eterno \\r\\n\\Solo a ti mi amor \\r\\n\\\\r\\n\\Hoy siento que contigo soy nueva criatura \\r\\n\\Soy un hombre nuevo \\r\\n\\Vengo a saberlo cuando casi me olvidabas \\r\\n\\Me arrepiento con las fuerzas que no tengo \\r\\n\\Y por nada de este mundo yo te pierdo \\r\\n\\Pero no voy a dejar todo por nada \\r\\n\\El amor sincero \\r\\n\\Por el pasajero \\r\\n\\El amor que vale \\r\\n\\Por el de la calle \\r\\n\\Por andar de locos \\r\\n\\Yo casi te pierdo \\r\\n\\Pero me arrepiento \\r\\n\\Voy a conquistarte \\r\\n\\\\r\\n\\Por eso traigo Cuatro rosas en mis manos \\r\\n\\Una por cada tristeza que te he causado \\r\\n\\Perdona por ocultarte cosas que eran importantes \\r\\n\\Perdona yo no quería entender que no puedo olvidarte \\r\\n\\Perdona haberte pedido que nos diéramos un tiempo \\r\\n\\Perdona mi locura mas grande solo a ti te quiero \\r\\n\\\\r\\n\\Solo a ti, solo a ti \\r\\n\\Te verán de la mano de este hombre enamorado \\r\\n\\Solo a ti, solo a ti \\r\\n\\Quiero serte fiel hasta con el pensamiento \\r\\n\\Solo a ti, solo a ti \\r\\n\\Te debo el olvido de mi triste pasado \\r\\n\\Solo a ti, solo a ti \\r\\n\\Quiero llevarte a la iglesia y jurarte amor eterno \\r\\n\\Solo a ti mi amor'),(27,'Como te olvido\\r\\n\\\\r\\n\\\\r\\n\\ estamos frente a frente los dos \\r\\n\\y te confieso \\r\\n\\que has hecho con mi vida lo que tu.. \\r\\n\\has querido \\r\\n\\te di todo lo que pude de mi \\r\\n\\y aun no me quieres \\r\\n\\y ahora vengo a despedirme \\r\\n\\por que ya todo ha sido imposible \\r\\n\\pero dejame besarte una vez mas \\r\\n\\por que te adoro \\r\\n\\\\r\\n\\amor... no entendiste mi vida ya lo se \\r\\n\\mi amor no te interesa \\r\\n\\y es mejor que por fin reconoscas lo que soy \\r\\n\\y me alejes de ti \\r\\n\\\\r\\n\\amor.. no entendiste mi vida ya lo se \\r\\n\\mi amor no te interesa \\r\\n\\y es mejor que por fin reconoscas lo que soy \\r\\n\\y me alejes de ti \\r\\n\\\\r\\n\\corazon sin querer no puedes \\r\\n\\corazon por favor decilo \\r\\n\\que al amor se le pasa el tiempo \\r\\n\\y no quiero quedarme solo en el camino \\r\\n\\\\r\\n\\dime ya por que me da miedo \\r\\n\\quedar como el ave que quedo sin el nido \\r\\n\\\\r\\n\\hayyyy corazon si te vas \\r\\n\\enseñame como te olvido \\r\\n\\\\r\\n\\hayyyy corazon si te vas \\r\\n\\enseñame como te olvido \\r\\n\\\\r\\n\\yo tenia el presentimeinto de que tu \\r\\n\\cualquier dia me olvidavas \\r\\n\\pero no le hice caso al corazon \\r\\n\\eran ciegos mis pasos \\r\\n\\solo hacia realidades tus deseos \\r\\n\\sin pensar en mi suerte \\r\\n\\y ahora voy a levantarme de mis ruinas \\r\\n\\buscare quien me quiera \\r\\n\\te confiezo que esto es duro para mi \\r\\n\\por que te adoro \\r\\n\\\\r\\n\\amor... voy a sacar las fuerzas de mi ser \\r\\n\\para ver si te olvido \\r\\n\\\\r\\n\\con dolor .. aprendi de la vida \\r\\n\\que el amor no se debe rogar \\r\\n\\\\r\\n\\corazon sin querer no puedes \\r\\n\\corazon por favor decilo \\r\\n\\que al amor se le pasa el tiempo \\r\\n\\y no quiero quedarme solo en el camino \\r\\n\\\\r\\n\\dime ya por que me da miedo \\r\\n\\quedar como el ave que quedo sin el nido \\r\\n\\\\r\\n\\hayyyy corazon si te vas \\r\\n\\enseñame como te olvido \\r\\n\\\\r\\n\\hayyyy corazon si te vas \\r\\n\\enseñame como te olvido'),(28,'Mi locura\\r\\n\\\\r\\n\\\\r\\n\\ Yo no se lo que me esta pasando \\r\\n\\siento que me estoy enamorando, y no lo entiendo \\r\\n\\el amor a mi puerta ah tocado, tengo miedo pero como hago \\r\\n\\si te pienso \\r\\n\\\\r\\n\\Creo que si no te beso pronto, \\r\\n\\se va a desatar la guerra entre mi cuerpo \\r\\n\\y el deseo... \\r\\n\\\\r\\n\\Quiero que lo tengas muy presente \\r\\n\\que no sales ni un distante de mi mente y Que... \\r\\n\\\\r\\n\\Tu amor me lleva hasta los cielos \\r\\n\\en los cielos \\r\\n\\Tu amor me lleva a la locura \\r\\n\\mi locura \\r\\n\\\\r\\n\\Que culpa tengo yo de haberme enamorado \\r\\n\\de tu risa loca \\r\\n\\de tu boca, de tu cuerpo \\r\\n\\Que cada día mas deseo \\r\\n\\ehhhh... \\r\\n\\\\r\\n\\Tu amor me lleva hasta los cielos \\r\\n\\en los cielos \\r\\n\\Tu amor me lleva a la locura \\r\\n\\mi locuraa... \\r\\n\\\\r\\n\\Que culpa tengo yo de haberme enamorado \\r\\n\\de tu risa loca \\r\\n\\de tu boca, de tu cuerpo \\r\\n\\Que cada día mas deseo \\r\\n\\y queee... \\r\\n\\\\r\\n\\Te deseo con el corazon... \\r\\n\\(Que tu amor me lleva hasta lo cielos y tu eres mi locura \\r\\n\\y que culpa tengo yo, viene) \\r\\n\\\\r\\n\\Quiero que lo tengas muy presente \\r\\n\\que no sales ni un distante de mi mente y Que... \\r\\n\\\\r\\n\\Tu amor me lleva hasta los cielos \\r\\n\\en los cielos \\r\\n\\Tu amor me lleva a la locura \\r\\n\\mi locura \\r\\n\\\\r\\n\\Que culpa tengo yo de haberme enamorado \\r\\n\\de tu risa loca \\r\\n\\de tu boca, de tu cuerpo \\r\\n\\Que cada día mas deseo \\r\\n\\ehhhh... \\r\\n\\\\r\\n\\Tu amor me lleva hasta los cielos \\r\\n\\en los cielos \\r\\n\\Tu amor me lleva a la locura \\r\\n\\mi locuraa... \\r\\n\\\\r\\n\\Que culpa tengo yo de haberme enamorado \\r\\n\\de tu risa loca \\r\\n\\de tu boca, de tu cuerpo \\r\\n\\Que cada día mas deseo \\r\\n\\y queee... \\r\\n\\\\r\\n\\Te deseo con el corazon...'),(29,'Ay hombe!\\r\\n\\\\r\\n\\\\r\\n\\ Hermoso cañaguate florecido \\r\\n\\si pasa dile que deje el afán \\r\\n\\por favor embellece el camino \\r\\n\\que pise de tus flores al andar \\r\\n\\\\r\\n\\No quiere nada de mi \\r\\n\\ni mi adios quiso aceptar \\r\\n\\tantas veces le menti \\r\\n\\que hoy me duele la verdad \\r\\n\\\\r\\n\\tuvo toda la razon \\r\\n\\para marcharse lo se \\r\\n\\como buen guajiro yo \\r\\n\\mi falta la pagare \\r\\n\\\\r\\n\\Ay hombe olvidarla es imposible \\r\\n\\Ay hombe esto para mi es terrible \\r\\n\\Ay hombe sin su amor yo no soy nada \\r\\n\\Ay hombe que vacio hay en el alma \\r\\n\\\\r\\n\\Ya comprobé que no puedo vivir sin ella \\r\\n\\nada esta bien desde que a mi lado no esta \\r\\n\\ahora no se, si lloro, si canto mis penas \\r\\n\\voy a perder despues que tanto iba a ganar \\r\\n\\\\r\\n\\Ay hombe olvidarla es imposible \\r\\n\\Ay hombe esto para mi es terrible. \\r\\n\\\\r\\n\\Si llega a hacer un alto en el camino \\r\\n\\Dios mio no dejes que me vaya a odiar \\r\\n\\la quiero como a nadie habia querido \\r\\n\\si vuelve se lo voy a demostrar \\r\\n\\\\r\\n\\Donde esté se va a enterar \\r\\n\\que no he vuelto a ser feliz \\r\\n\\que mi vida no es igual \\r\\n\\desde que ella no esta aquí \\r\\n\\\\r\\n\\Cuando escuche esta canción \\r\\n\\va a saber que hay ansiedad \\r\\n\\tengo fe de que mi song \\r\\n\\donde esté la va a encontrar. \\r\\n\\\\r\\n\\Ay hombe olvidarla es imposible \\r\\n\\Ay hombe esto para mi es terrible \\r\\n\\Ay hombe sin su amor yo no soy nada \\r\\n\\Ay hombe que vacio hay en el alma \\r\\n\\\\r\\n\\Ya comprobe que no puedo vivir sin ella \\r\\n\\nada esta bien desde que a mi lado no esta \\r\\n\\ahora no se, si lloro, si canto mis penas \\r\\n\\voy a perder despues que tanto iba a ganar \\r\\n\\\\r\\n\\Ay hombe olvidarla es imposible \\r\\n\\Ay hombe esto para mi es terrible \\r\\n\\Ay hombe sin su amor yo no soy nada \\r\\n\\Ay hombe que vacio hay en el alma'),(30,'Que Desastre\\r\\n\\\\r\\n\\\\r\\n\\ Y sigo pensando en ti \\r\\n\\más no quiero recordar \\r\\n\\que lo que sufrí por ti \\r\\n\\no es muy fácil de olvidar \\r\\n\\\\r\\n\\Mira, te alejaste de mi \\r\\n\\me dejaste así, sufriendo \\r\\n\\negro por que abrías de partir \\r\\n\\dame una explicación, no entiendo \\r\\n\\\\r\\n\\Mira que es fuerte el dolor \\r\\n\\que agobia el corazón y siento \\r\\n\\que mi corazón morirá \\r\\n\\que no puede seguir, sufriendo \\r\\n\\\\r\\n\\Y sigo pensando en ti \\r\\n\\más no quiero recordar \\r\\n\\que lo que sufrí por ti \\r\\n\\no es muy fácil de olvidar \\r\\n\\\\r\\n\\Que desastre, que pena \\r\\n\\que me hayan dejado a sí \\r\\n\\que tristeza, que pena \\r\\n\\y sigo pensando en ti \\r\\n\\\\r\\n\\Ay que desastre, que pena \\r\\n\\que me hayan dejado a sí \\r\\n\\que tristeza, que pena \\r\\n\\y sigo pensando en ti \\r\\n\\\\r\\n\\Y sin tu amor, no puedo vivir \\r\\n\\y sin tu amor yo no puedo estar \\r\\n\\busco un mañana y un mejor vivir \\r\\n\\que te despierten las ansias de amar \\r\\n\\\\r\\n\\Que desastre, que pena \\r\\n\\que me hayan dejado así \\r\\n\\que tristeza, que pena \\r\\n\\y sigo pensando en ti \\r\\n\\\\r\\n\\Ay que desastre, que pena \\r\\n\\que me hayan dejado a sí \\r\\n\\que tristeza, que pena \\r\\n\\y sigo pensando en ti \\r\\n\\\\r\\n\\Hoy se que tengo que perder \\r\\n\\se que vas a marchar, que triste \\r\\n\\se que mucho me dolerá \\r\\n\\tu manera de actuar, que hiciste \\r\\n\\\\r\\n\\Hoy es triste la realidad \\r\\n\\se que llego el final, tu insistes \\r\\n\\y es muy fuerte la soledad \\r\\n\\que dejaste al marchar, mentiste \\r\\n\\\\r\\n\\Y sigo pensando en ti \\r\\n\\más no quiero recordar \\r\\n\\que lo que sufrí por ti \\r\\n\\no es muy fácil de olvidar \\r\\n\\\\r\\n\\Que desastre, que pena \\r\\n\\que me hayan dejado a sí \\r\\n\\que tristeza, que pena \\r\\n\\y sigo pensando en ti \\r\\n\\\\r\\n\\Ay que desastre, que pena \\r\\n\\que me hayan dejado a sí \\r\\n\\que tristeza, que pena \\r\\n\\y sigo pensando en ti \\r\\n\\\\r\\n\\Y sin tu amor, no puedo vivir \\r\\n\\y sin tu amor no puedo estar \\r\\n\\habrá un mañana y un nuevo vivir \\r\\n\\que te despierten las ansias de amar \\r\\n\\\\r\\n\\Que desastre, que pena \\r\\n\\que me hayan dejado a sí \\r\\n\\que tristeza, que pena \\r\\n\\y sigo pensando en ti \\r\\n\\\\r\\n\\Ay que desastre, que pena \\r\\n\\que me hayan dejado a sí \\r\\n\\que tristeza, que pena \\r\\n\\y sigo pensando en ti \\r\\n\\\\r\\n\\Y sigo pensando en ti \\r\\n\\más no quiero recordar \\r\\n\\que lo que sufrí por ti \\r\\n\\no es muy fácil de olvidar'),(31,'Triste Y Sola\\r\\n\\\\r\\n\\\\r\\n\\ Oye corazón, triste corazón \\r\\n\\es hora de enfrentarte con tu pasado \\r\\n\\no le insistas mas, el no volverá \\r\\n\\tu te lo buscaste todo ha terminado. (bis) \\r\\n\\\\r\\n\\Ahora ya no encuentras donde anclar tu barca \\r\\n\\porque el vació que te dejo fue muy grande \\r\\n\\todo el que se acerca querrá utilizarte \\r\\n\\y querrá robarte un poco de tu amor \\r\\n\\\\r\\n\\Escucha dios mio lo que te estoy cantando \\r\\n\\por ningún motivo quiero quedar sola \\r\\n\\ruégale que vuelva que me esta matando \\r\\n\\la pena que hoy no puedo resistir \\r\\n\\ha pasado un año desde su partida \\r\\n\\pero sobre el, yo no he sabido nada \\r\\n\\quien me roba lo que un día me quemaba \\r\\n\\y que por mi culpa se alejo de mi... \\r\\n\\\\r\\n\\Esta es mi canción de pena y dolor \\r\\n\\porque nunca pensé que esto me pasara \\r\\n\\nunca imagine que seria tan cruel \\r\\n\\si acaso algún día el a mi me dejara..(bis) \\r\\n\\\\r\\n\\Le envió este mensaje a aquella que me escuche \\r\\n\\de pronto no sabe apreciar lo que tiene \\r\\n\\lo que ocurre es que nosotras las mujeres \\r\\n\\por orgullo dejamos ir un amor \\r\\n\\\\r\\n\\Escucha dios mio lo que te estoy cantando \\r\\n\\por ningún motivo quiero quedar sola \\r\\n\\ruégale que vuelva que me esta matando \\r\\n\\la pena que hoy no puedo resistir \\r\\n\\ha pasado un año desde su partida \\r\\n\\pero sobre el, yo no he sabido nada \\r\\n\\quien me roba lo que un día me quemaba \\r\\n\\y que por mi culpa se alejo de mi. \\r\\n\\y que por mi culpa se alejo de mi \\r\\n\\y que por mi culpa de alejo de miii.......'),(32,'Siempre Conmigo\\r\\n\\\\r\\n\\\\r\\n\\ ¿Por qué me niegas hoy lo que ayer me dabas a mí? \\r\\n\\Sabiendo que yo soy la mujer que te hace feliz. \\r\\n\\¿O no te has dado cuenta que esto es muy duro pa\' ti? \\r\\n\\Una gran experiencia tú viviset junto a mí. \\r\\n\\Una gran experiencia tú viviset junto a mí. \\r\\n\\\\r\\n\\En el placer y el amor yo soy lo mejor pa\' ti. \\r\\n\\Puedo decir sin temor que eres lo mejor pa\' mí. \\r\\n\\Puedo decir sin temor que soy lo mejor pa\' mí. \\r\\n\\\\r\\n\\Dame tus besos cariño mío, entrégate sólo a mí. \\r\\n\\Dame tus besos cariño mío, entrégate sólo a mí. \\r\\n\\\\r\\n\\Porque conmigo eres feliz \\r\\n\\Porque conmigo se goza más \\r\\n\\Porque conmigo puedes vivir \\r\\n\\Porque conmigo puedes gozar. \\r\\n\\\\r\\n\\Porque conmigo (eres feliz) \\r\\n\\Porque conmigo (se goza más) \\r\\n\\Porque conmigo (puedes vivir) \\r\\n\\Porque conmigo \\r\\n\\\\r\\n\\Diosas... con sabor. \\r\\n\\\\r\\n\\II \\r\\n\\\\r\\n\\Yo no entiendo mi amor porque te alejaste de mí. \\r\\n\\Te di mi corazón, todo el tiempo fui para ti. \\r\\n\\Y en mi mejor momento tú te alejaste de mí. \\r\\n\\No pierdas más el tiempo, yo quiero verte feliz.} \\r\\n\\No pierdas más el tiempo, yo quiero verte feliz. \\r\\n\\\\r\\n\\Si tú me dabas calor y yo te lo daba a ti. \\r\\n\\Tú no has tenido otro amor que te haga vibrar así \\r\\n\\Tú no has tenido otro amor que te haga vibrar así. \\r\\n\\\\r\\n\\Dame tus besos papito mío, entrégate sólo a mí. \\r\\n\\Dame tus besos papito mío, entrégate sólo a mí. \\r\\n\\\\r\\n\\Porque conmigo se goza más \\r\\n\\Porque conmigo puedes vivir \\r\\n\\Porque conmigo es la verdad \\r\\n\\Porque conmigo vives feliz \\r\\n\\\\r\\n\\Porque conmigo (eres feliz) \\r\\n\\Porque conmigo (se goza más) \\r\\n\\Porque conmigo (puedes vivir) \\r\\n\\Porque conmigo (puedes gozar)'),(33,'Amor de Papel\\r\\n\\\\r\\n\\\\r\\n\\ No puedo olvidar el día que lo conocí \\r\\n\\con la tristeza metida en el corazon \\r\\n\\lo vi tan triste que hasta un consejo le di \\r\\n\\y le dije nunca es tarde para el amor \\r\\n\\yo no se como paso, pero sucedió \\r\\n\\tal vez el destino quiso que fuera así \\r\\n\\pero el mundo es tan pequeño que hoy es mi amor \\r\\n\\y en la vida es lo mas importante pa\' mi. \\r\\n\\\\r\\n\\Y ahora viene usted con cara de yo no fui \\r\\n\\y viene a decirme a mi, que usted es la dueña de el \\r\\n\\que el casado esta, porque un cura los caso \\r\\n\\y que en ese día juro, quererla por siempre a usted. \\r\\n\\\\r\\n\\CORO \\r\\n\\Amor de papel no es mas, que un requisito social \\r\\n\\que se hace pa\' disfrazar, muchas veces la verdad \\r\\n\\amor de papel no es mas, que letras en el papel, \\r\\n\\que si no existe un querer en el viento han de volar. \\r\\n\\\\r\\n\\El amor hay que sentirlo, \\r\\n\\hay que brindarlo con toda libertad \\r\\n\\el amor no es un negocio, ni la limosna \\r\\n\\que se da por caridad. \\r\\n\\\\r\\n\\Ahora es mio y lo tengo enamorado \\r\\n\\con mi pasión y ternura y todo lo que le he dado \\r\\n\\ahora es mio y lo tengo conquistado, \\r\\n\\porque el me quiere y lo quiero \\r\\n\\sin ningún papel firmado. \\r\\n\\\\r\\n\\El amor hay que sentirlo, \\r\\n\\hay que brindarlo con toda libertad \\r\\n\\el amor no es un negocio, ni la limosna \\r\\n\\que se da por caridad \\r\\n\\\\r\\n\\Usted lo perdió, porque nunca lo supo querer \\r\\n\\y nunca lo supo comprender, ni le brindo amor \\r\\n\\ya usted lo perdió, es algo que debe de entender \\r\\n\\que el gallo que en su corral canto \\r\\n\\tiene una verdadera mujer. \\r\\n\\\\r\\n\\El amor hay que sentirlo, \\r\\n\\hay que brindarlo con toda libertad \\r\\n\\el amor no es un negocio, ni la limosna \\r\\n\\que se da por caridad. \\r\\n\\El amor hay que sentirlo, \\r\\n\\hay que brindarlo con toda libertad \\r\\n\\el amor no es un negocio, ni la limosna \\r\\n\\que se da por caridad.'),(34,'Volví A Fallar\\r\\n\\\\r\\n\\\\r\\n\\ Un sentimiento que nace del corazon \\r\\n\\no es para que siempre lo trates con desprecio \\r\\n\\si me conformo solo entregándote amor \\r\\n\\el cual recibes como cosas de momento \\r\\n\\y poco a poco siento que la decepción \\r\\n\\invade mi vida, invade mis sueños \\r\\n\\hoy me doy cuenta que por amar si razón \\r\\n\\al final del juego, soy quien todo pierdo (bis) \\r\\n\\\\r\\n\\si en la aventura no supe de tu candor \\r\\n\\sera porque nunca sentiste mis besos \\r\\n\\si tu egoísmo no te dejo darme amor \\r\\n\\por que me dejaste meterte en mi pecho(bis) \\r\\n\\\\r\\n\\coro: \\r\\n\\y tengo que andar, \\r\\n\\en todo el pueblo siguiendo tus pasos \\r\\n\\ya volví a fallar, otro conmigo, \\r\\n\\otro conmigo de nuevo ha jugado(bis) \\r\\n\\\\r\\n\\unas palabras llevan mensaje de amor \\r\\n\\con ellas siempre yo alagaba tus oídos \\r\\n\\las que sentías como besos sin pasión \\r\\n\\no las guardaba ellas salían por los mismos \\r\\n\\entonces no tienes por que sentir dolor \\r\\n\\si lo que me has hecho, lo hacen contigo \\r\\n\\tampoco debes de sentir preocupación \\r\\n\\si el pasar del tiempo, conocen tus líos(bis) \\r\\n\\\\r\\n\\lo que mas quiero, mas para mi corazon \\r\\n\\y que esos momentos lo borre el olvido \\r\\n\\por lo que me hiciste, no te doy un galardón \\r\\n\\si no que tu historia la arranco del libro(bis) \\r\\n\\\\r\\n\\coro: \\r\\n\\y tengo que andar, \\r\\n\\en todo el pueblo siguiendo tus pasos \\r\\n\\ya volví a fallar, otro conmigo, \\r\\n\\otro conmigo de nuevo ha jugado(bis) \\r\\n\\\\r\\n\\y tengo que andar, \\r\\n\\en todo el pueblo siguiendo tus pasos \\r\\n\\ya volví a fallar, otro conmigo, \\r\\n\\otro conmigo de nuevo ha jugado(bis) \\r\\n\\\\r\\n\\y tengo que andar, \\r\\n\\en todo el pueblo siguiendo tus pasos \\r\\n\\ya volví a fallar, otro conmigo, \\r\\n\\otro conmigo de nuevo ha jugado(bis)'),(35,'Besito De Coco\\r\\n\\\\r\\n\\\\r\\n\\ Besito pa\' ti canela \\r\\n\\Besito pa\' ti \\r\\n\\Besito de coco negra canela y anis \\r\\n\\(x2) \\r\\n\\Besito pa\'ti canela \\r\\n\\Besito pa\' ti \\r\\n\\Besito de coco negra canela y anis \\r\\n\\Pa\' ti pa\' ti \\r\\n\\Besito pa\' ti canela \\r\\n\\Besito pa\' ti \\r\\n\\Besito de coco negra canela y anis \\r\\n\\Yo traigo un coco coquito \\r\\n\\Para los coquitos \\r\\n\\Bien sabrosito negrita \\r\\n\\Amelcochadito y rico \\r\\n\\Besito pa\' ti canela \\r\\n\\Besito pa\' ti \\r\\n\\Besito de coco negra canela y anis \\r\\n\\Besito pa\' ti canela \\r\\n\\Besito pa\' ti \\r\\n\\Besito de coco negra canela y anis \\r\\n\\Si tu me quieres te quiero \\r\\n\\Si tu me adoras te adoro \\r\\n\\Con mi besitos de coco \\r\\n\\Los pollitos enamoro \\r\\n\\Besito pa\' ti canela \\r\\n\\Besito pa\' ti \\r\\n\\Besito de coco negra canela y anis \\r\\n\\A gozar \\r\\n\\Besito pa\' ti canela \\r\\n\\Besito pa\' ti \\r\\n\\Besito de coco negra canela y anis \\r\\n\\Comprame tu caserita \\r\\n\\No lo dejes para luego \\r\\n\\Si lo dejas pa\' maÒana \\r\\n\\A lo mejor yo no vuelvo \\r\\n\\Caramelo caramelo \\r\\n\\Caramelo caramelo a kilo \\r\\n\\Oye \\r\\n\\(x2) \\r\\n\\Yo traigo los caramelos \\r\\n\\Sabroso pa\' tu boquita \\r\\n\\(x2) \\r\\n\\Si tu pruebas chiquita \\r\\n\\Te comes hasta el tablero \\r\\n\\Caramelo caramelo \\r\\n\\Caramelo caramelo a kilo \\r\\n\\Oye \\r\\n\\(x2) \\r\\n\\Los traigo de coco y piÒa \\r\\n\\De limon y miel de abeja \\r\\n\\(x2) \\r\\n\\De piÒa para las niÒas \\r\\n\\Y los de miel pa\' las viejas \\r\\n\\Caramelo caramelo \\r\\n\\Caramelo caramelo a kilo \\r\\n\\Oye \\r\\n\\(x2) \\r\\n\\Caramelo caramelo \\r\\n\\Caramelo caramelo a kilo \\r\\n\\Oye \\r\\n\\(x2) \\r\\n\\Caramelo caramelo caramelo a kilito \\r\\n\\Caramelo caramelo \\r\\n\\Caramelo caramelo a kilo \\r\\n\\Oye'),(36,'Burundanga\\r\\n\\\\r\\n\\\\r\\n\\ Songo le dio a Borondongo \\r\\n\\Borondongo le dio a Bernabé \\r\\n\\Bernabé le pegó a Muchilanga le echó a Burundanga \\r\\n\\Les hinchan los pies \\r\\n\\Monina \\r\\n\\Songo le dio a Borondongo \\r\\n\\Borondongo le dio a Bernabé \\r\\n\\Bernabé le pego a Muchilanga le echó a Burundanga \\r\\n\\\\r\\n\\Les hinchan los pies \\r\\n\\Abambelé practica el amor \\r\\n\\Defiende a tus hermanos \\r\\n\\Por que entre hermanos se vive mejor \\r\\n\\Abambelé practica el amor \\r\\n\\Defiende a tus hermanos \\r\\n\\Por que entre hermanos se vive mejor \\r\\n\\Y nos sigue \\r\\n\\\\r\\n\\Songo le dio a Borondongo \\r\\n\\Borondongo le dio a Bernabé \\r\\n\\Bernabé le pego a Muchilanga le echó a Burundanga \\r\\n\\Les hinchan los pies \\r\\n\\Monina \\r\\n\\Songo le dio a Borondongo \\r\\n\\Borondongo le dio a Bernabé \\r\\n\\Bernabé le pego a Muchilanga le echó a Burundanga \\r\\n\\\\r\\n\\Les hinchan los pies \\r\\n\\Por qué fue que songo le dio a Borondongo \\r\\n\\Por qué Borondongo le dio a Bernabé \\r\\n\\Por qué Borondongo le dio a Bernabé \\r\\n\\Por qué Bernabé le pego a muchilanga \\r\\n\\Por qué Bernabé le pego a muchilanga \\r\\n\\Por qué muchilanga le echó a Burundanga \\r\\n\\Por qué muchilanga le echó a Burundanga \\r\\n\\Por qué Burundanga le hinchan los pies \\r\\n\\\\r\\n\\Eh que lío \\r\\n\\Abambelé \\r\\n\\Burundanga'),(37,'Quimbara\\r\\n\\\\r\\n\\\\r\\n\\ Quimbara quimbara quma quimbamba \\r\\n\\Quimbara quimbara quma quimbamba \\r\\n\\Quimbara quimbara quma quimbamba \\r\\n\\Quimbara quimbara quma quimbamba \\r\\n\\Ee mama ee mama \\r\\n\\Ee mama ee mama \\r\\n\\\\r\\n\\La rumba me esta llamando bombo \\r\\n\\Dile que ya voy \\r\\n\\Que me espere un momentico asi \\r\\n\\Mientras canto un guaguancó \\r\\n\\Dile que no es un desprecio \\r\\n\\Pues vive en mi corazónz \\r\\n\\Mi vida es tan solo eso \\r\\n\\Rumba buena y guaguancó \\r\\n\\\\r\\n\\Ee mama ee mama \\r\\n\\\\r\\n\\¿Cómo? ay dios mio \\r\\n\\Pero que lio, y dice \\r\\n\\Quimbara quimbara quma quimbamba \\r\\n\\Quimbara quimbara quma quimbamba \\r\\n\\Ay, si quieres gozar \\r\\n\\Quieres bailar \\r\\n\\Quimbara quimbara quma quimbamba \\r\\n\\Quimbara quimbara quma quimbamba \\r\\n\\\\r\\n\\Pero lo baila teresa y lo baila juanito \\r\\n\\Quimbara quimbara quma quimbamba \\r\\n\\Quimbara quimbara quma quimbamba \\r\\n\\\\r\\n\\Oye cachin, cachan, cachan, cachumba \\r\\n\\Quimbara quimbara quma quimbamba \\r\\n\\Quimbara quimbara quma quimbamba \\r\\n\\\\r\\n\\Quimbara quimbara quma quimbamba \\r\\n\\Quimbara quimbara quma quimbamba \\r\\n\\Pero lo baila teresa y también joseito \\r\\n\\\\r\\n\\¿Cómo? azuca, azuca'),(38,'Mi Vida Es Cantar\\r\\n\\\\r\\n\\\\r\\n\\ Cantar para mi, es cómo ser \\r\\n\\dueña del universo, \\r\\n\\poder expresar con mi voz \\r\\n\\lo que llevo por dentro. \\r\\n\\Hacerles a ustedes sentir \\r\\n\\sensaciones grandiosas, \\r\\n\\y en siete notas conjugar, \\r\\n\\cantando muchas cosas. \\r\\n\\y cuando la magia de algún son, \\r\\n\\invade poco a poco el corazón, \\r\\n\\me envuelvo con su ritmo sabroson, \\r\\n\\y el sentimiento. \\r\\n\\Siento los cueros repicar \\r\\n\\y mi cuerpo no cesa de bailar. \\r\\n\\dejándome llevar por el compás, \\r\\n\\que bien me siento. \\r\\n\\\\r\\n\\y es que el canto, yo lo llevo por dentro. \\r\\n\\Cantando yo viajo al mundo, \\r\\n\\brindándole sentimiento. \\r\\n\\y es que el canto, yo lo llevo por dentro. \\r\\n\\Tres amores tengo dentro \\r\\n\\de mi alegre corazón. \\r\\n\\y es que el canto, yo lo llevo por dentro. \\r\\n\\Cuba bella, el son la rumba \\r\\n\\y mi cabecita de algodón. \\r\\n\\y es que el canto, yo lo llevo por dentro. \\r\\n\\Lo que soy, es la gracia de Dios. \\r\\n\\Su amor me dio este talento, \\r\\n\\que te brindo con mi voz, con mi voz.'),(39,'Loco\\r\\n\\\\r\\n\\\\r\\n\\ Porque soy así \\r\\n\\me llaman loco, \\r\\n\\nadie sabe mi dolor \\r\\n\\es que me conocen poco. \\r\\n\\-r- \\r\\n\\Loco, loco voy por la vida \\r\\n\\canto, río y sufro también \\r\\n\\soy humano y todo me pasa \\r\\n\\por eso siempre yo loco seré. \\r\\n\\\\r\\n\\Y cada día más loco estaré. \\r\\n\\\\r\\n\\Unos tienen su tumbado \\r\\n\\y yo tengo mi saoco. \\r\\n\\\\r\\n\\Coro: \\r\\n\\Loco, loco, loco soy \\r\\n\\y cada día más loco...'),(40,'El cantante\\r\\n\\\\r\\n\\\\r\\n\\ Yo, soy el cantante \\r\\n\\Que hoy han venido a escuchar \\r\\n\\Lo mejor, del repertorio \\r\\n\\A ustedes voy a brindar \\r\\n\\\\r\\n\\Y canto a la vida \\r\\n\\De risas y penas \\r\\n\\De Momentos malos \\r\\n\\Y de cosas buenas \\r\\n\\\\r\\n\\Vinieron a divertirse \\r\\n\\Y pagaron en la puerta \\r\\n\\No hay tiempo para tristezas \\r\\n\\Vamos cantante comienza! \\r\\n\\\\r\\n\\Eh le leee! le lee! \\r\\n\\\\r\\n\\Me paran, siempre en la calle \\r\\n\\Mucha gente que comenta \\r\\n\\\"Oye Hector! tu estas hecho, \\r\\n\\Siempre con hembras y en fiestas!\" \\r\\n\\\\r\\n\\Y nadie pregunta \\r\\n\\Si sufro si lloro \\r\\n\\Si tengo una pena \\r\\n\\Que hiere muy hondo \\r\\n\\\\r\\n\\Yo soy el cantante \\r\\n\\y mi negocio es cantar \\r\\n\\a los que me siguen \\r\\n\\mi cancion vine a brindar \\r\\n\\\\r\\n\\Yo, soy el cantante \\r\\n\\Muy popular donde quiera \\r\\n\\Pero cuando el show se acaba \\r\\n\\Soy otro humano cualquiera \\r\\n\\\\r\\n\\Y sigo mi vida \\r\\n\\Con risas y penas \\r\\n\\Con ratos amargos \\r\\n\\Y con cosas buenas \\r\\n\\\\r\\n\\Yo soy el cantante \\r\\n\\Y me negocio es cantar \\r\\n\\Y a los que me siguen \\r\\n\\Mi cancion vine a brindar \\r\\n\\\\r\\n\\Hoy te dedico, mis mejores pregones! (3x) \\r\\n\\Son mejor que los de ayer, comparenme criticones! \\r\\n\\Hoy te dedico, mis mejores pregones! \\r\\n\\Si no me quieren en vida, cuando muera no me lloren! \\r\\n\\\\r\\n\\Yo soy el cantante, vamo\' a celebrar, \\r\\n\\no quiero tristezas lo mios es cantar, cantar! \\r\\n\\Hoy te dedico, mis mejores pregones! \\r\\n\\Yo te canto de la vida, olvida tus penas y tus dolores! \\r\\n\\Hoy te dedico, mis mejores pregones! \\r\\n\\\\r\\n\\Si ya tu ves, regrese y te peque esta. \\r\\n\\\\r\\n\\Oh le lo la laaa, a la laa laaa ! Escucha \\r\\n\\mi pregón que diceeee! \\r\\n\\Lo le lo la le lo la le la laaa laaaa!'),(41,'Aguanile\\r\\n\\\\r\\n\\\\r\\n\\ Aguanile... \\r\\n\\Aguanile... \\r\\n\\\\r\\n\\Santo Dios... \\r\\n\\Santo Fuerte... \\r\\n\\Santo inmortal... \\r\\n\\\\r\\n\\Aguanile, aguanile mai mai \\r\\n\\aguanile, aguanile mai mai. \\r\\n\\\\r\\n\\ehhh aguanile \\r\\n\\aguanile \\r\\n\\aguanile \\r\\n\\aguanile, mai mai \\r\\n\\\\r\\n\\Aguanile, aguanile mai mai \\r\\n\\aguanile, aguanile mai mai. \\r\\n\\\\r\\n\\ehhh kirieleison, pritieleison \\r\\n\\no me metas a mi moña \\r\\n\\que yo tambien me se de eso \\r\\n\\\\r\\n\\Aguanile, aguanile mai mai \\r\\n\\aguanile, aguanile mai mai. \\r\\n\\\\r\\n\\Oye to\' el mundo reza que reza \\r\\n\\pa\' que se acabe la guerra \\r\\n\\y eso no se va acaba\' \\r\\n\\eso sera una rareza \\r\\n\\\\r\\n\\Aguanile, aguanile mai mai \\r\\n\\aguanile, aguanile mai mai. \\r\\n\\\\r\\n\\tambores rumacuyi \\r\\n\\tambores rumacuya \\r\\n\\que se echen todos pa\'l lao \\r\\n\\que la tierra va a temblar \\r\\n\\\\r\\n\\Aguanile, aguanile mai mai \\r\\n\\aguanile, aguanile mai mai. \\r\\n\\\\r\\n\\Que bombonchele... \\r\\n\\ahh bombonchacha \\r\\n\\yo traigo Aguanile... \\r\\n\\pa\' rocear a las muchachas \\r\\n\\\\r\\n\\****** \\r\\n\\\\r\\n\\ayyy que los tres clavos... de la cruz \\r\\n\\vayan delante de mi \\r\\n\\que le hablen y le respondan.. \\r\\n\\ayy dios, tu eres \\r\\n\\al que me critique a mi \\r\\n\\yo tengo... \\r\\n\\aguanile y mai mai \\r\\n\\\\r\\n\\Aguanile, aguanile mai mai \\r\\n\\aguanile, aguanile mai mai. \\r\\n\\\\r\\n\\un judio que a caballo \\r\\n\\gritaba sin compasion \\r\\n\\coje su crucificado \\r\\n\\muerto por una traicion \\r\\n\\\\r\\n\\Aguanile, aguanile mai mai \\r\\n\\aguanile, aguanile mai mai. \\r\\n\\\\r\\n\\ehhh a bombonchele \\r\\n\\a bombonchacha \\r\\n\\Aguanile... \\r\\n\\bendiceme a las muchachas \\r\\n\\\\r\\n\\Aguanile, aguanile mai mai \\r\\n\\aguanile, aguanile mai mai. \\r\\n\\\\r\\n\\aguanile y aguanile \\r\\n\\aguanile \\r\\n\\dame agua \\r\\n\\estoy seco y quiero bebe\'... \\r\\n\\\\r\\n\\aguanile, aguanile mai mai \\r\\n\\aguanile, aguanile mai mai.'),(42,'Calle Luna, Calle Sol\\r\\n\\\\r\\n\\\\r\\n\\ Coro: \\r\\n\\Mete la mano en el bolsillo \\r\\n\\saca y abre tu cuchillo y ten cuidao. \\r\\n\\Pónganme oido en este barrio \\r\\n\\muchos guapos lo han matao. \\r\\n\\\\r\\n\\Calle Luna, Calle Sol. \\r\\n\\\\r\\n\\Oiga señor si usted quiere su vida \\r\\n\\evitar es mejor o la tienes perdida. \\r\\n\\\\r\\n\\Mire señora agarre bien su cartera, \\r\\n\\no conoce este barrio aquí asaltan a cualquiera. \\r\\n\\\\r\\n\\En los barrios de guapos no se vive tranquilo \\r\\n\\mide bien tus palabras o no vales ni un kilo. \\r\\n\\\\r\\n\\Coro: \\r\\n\\Camina pa\'lante no mires para el\'lao. \\r\\n\\\\r\\n\\Eh... \\r\\n\\Oye camina no mires pal lao. \\r\\n\\Tu tiene un santo pero no eres babalao. \\r\\n\\Y ten cuidao y ten cuidao. \\r\\n\\Cuidao saca tu coco pelao. \\r\\n\\Camina pa\'lante babalao. \\r\\n\\Saca los bolsillos tu estas arrancao. \\r\\n\\Dile que fuiste a La Perla y pelao te han dejao.'),(43,'Hipocresía\\r\\n\\\\r\\n\\\\r\\n\\ Hoy al verte \\r\\n\\con otro amor así \\r\\n\\sonriendo tanto \\r\\n\\yo me quede indiferente \\r\\n\\\\r\\n\\Lo que hubo entre los dos \\r\\n\\murió para siempre \\r\\n\\tuve que sufrir para olvidar \\r\\n\\todos esos falsos juramentos \\r\\n\\\\r\\n\\Hipocresía... \\r\\n\\morir de sed teniendo tanta agua \\r\\n\\morir de amor fingiendo estar alegre \\r\\n\\queriendo amar y estar indiferente indiferente \\r\\n\\\\r\\n\\Hipocresía... \\r\\n\\es mi sonrisa donde escondo el llanto \\r\\n\\mi cuerpo tiene aquel perfume tuyo \\r\\n\\que me recuerda como estoy sufriendo \\r\\n\\y que de celos yo me estoy muriendo \\r\\n\\\\r\\n\\Hoy al verte \\r\\n\\comprendí que solo a ti te quiero tanto \\r\\n\\y me quede indiferente \\r\\n\\si al lado de él ya vives tan contenta \\r\\n\\no hago falta más, luchar para que \\r\\n\\te amo más que a mi vida \\r\\n\\\\r\\n\\Hipocresía... \\r\\n\\morir de sed teniendo tanta agua \\r\\n\\morir de amor fingiendo estar alegre \\r\\n\\queriendo amar y estar indiferente \\r\\n\\\\r\\n\\Hipocresía... \\r\\n\\es mi sonrisa donde escondo el llanto \\r\\n\\mi cuerpo tiene aquel perfume tuyo \\r\\n\\que me recuerda como estoy sufriendo \\r\\n\\y que de celos yo me estoy muriendo \\r\\n\\\\r\\n\\Hipocresía morir de sed con tanta agua \\r\\n\\en mi sonrisa escondo el llanto \\r\\n\\no se cómo lo hago queriéndote tanto \\r\\n\\\\r\\n\\Hipocresía morir de sed con tanta agua \\r\\n\\si a su lado estas contenta \\r\\n\\hay de que me sirve lo que yo te quiera \\r\\n\\de sed con tanta agua \\r\\n\\\\r\\n\\Hipocresía morir de sed con tanta agua \\r\\n\\de sed con tanta agua \\r\\n\\hipocresía hipocresía \\r\\n\\hipocresía hipocresía \\r\\n\\hipocresía hipocresía \\r\\n\\hipocresía hipocresía'),(44,'Historia de un taxi\\r\\n\\\\r\\n\\\\r\\n\\ eran las diez de la noche piloteaba mi nave \\r\\n\\era mi taxi un volkswagen del año 68... \\r\\n\\\\r\\n\\Era un dia de esos malos donde no hubo pasaje. \\r\\n\\las lentejuelas de un traje, \\r\\n\\me hicieron la parada. \\r\\n\\\\r\\n\\Era una rubia preciosa llevaba minifalda. \\r\\n\\el escote en su espalda \\r\\n\\llegaba justo a la gloria. \\r\\n\\\\r\\n\\Una lagrima negra rodaba en su mejilla. \\r\\n\\mientras que el retrovisor decia \"¡ve que pantorillas!\" \\r\\n\\yo vi un poco mas. \\r\\n\\\\r\\n\\Eran las diez y cuarenta sigzagueaba en reforma. \\r\\n\\me dijo \"me llamo norma\" \\r\\n\\mientras cruzaba la pierna. \\r\\n\\\\r\\n\\Saco un cigarro algo extraño de esos que te dan risa. \\r\\n\\le ofreci fuego de prisa \\r\\n\\me temblaba la mano \\r\\n\\Le pregunte \"¿por quien llora? \\r\\n\\y me dijo \"por un tipo, que se cree que por rico \\r\\n\\puede venir a engañarme.\" \\r\\n\\\\r\\n\\\"no caiga ud. por amores, debe de levantarse\" le dije \\r\\n\\\"cuente con un servidor si lo que quiere es vengarse. \\r\\n\\y me sonrio. \\r\\n\\\\r\\n\\Coro \\r\\n\\¿que es lo que hace un taxista seduciendo a la vida? \\r\\n\\¿que es lo que hace un taxista construyendo una herida? \\r\\n\\¿que es lo que hace un taxista enfrente de una dama? \\r\\n\\¿que es lo que hace un taxista con sus sueños de cama? \\r\\n\\me pregunte... \\r\\n\\\\r\\n\\Lo vi abrazando y besando a una humilde muchacha. \\r\\n\\es de clase muy sencilla, \\r\\n\\lo se por su facha. \\r\\n\\\\r\\n\\Me sonreia en el espejo y se sentaba de lado. \\r\\n\\yo estaba idiotizado, \\r\\n\\con el espejo empañado. \\r\\n\\Me dijo \"dobla en la esquina, iremos hasta mi casa. \\r\\n\\\\r\\n\\despues de un par de tequilas, veremos que es lo que pasa.\" \\r\\n\\Para que describir lo que hicimos en la alfombra. \\r\\n\\si basta con resumir que le bese hasta la sombra, \\r\\n\\y un poco mas... \\r\\n\\\\r\\n\\\"no se sienta ud. tan sola, sufro aunque no es lo mismo. \\r\\n\\mi mujer y mi horario, han abierto un abismo.\" \\r\\n\\\"¡como se sufre a ambos lados de las clases sociales!\" \\r\\n\\\"ud. sufre en su mansion, \\r\\n\\yo sufro en los arrabales.\" \\r\\n\\\\r\\n\\Me dijo \"vente conmigo, que sepa que no estoy sola.\" \\r\\n\\se hizo en el pelo una cola, \\r\\n\\fuimos al bar donde estaban. \\r\\n\\Entramos precisamente el abrazaba a una chica. \\r\\n\\mira si es grande el destino y esta ciudad es chica. \\r\\n\\¡era mi mujer!!! \\r\\n\\\\r\\n\\Coro \\r\\n\\¿que es lo que hace un taxista seduciendo a la vida? \\r\\n\\¿que es lo que hace un taxista construyendo una herida? \\r\\n\\¿que es lo que hace un taxista cuando un caballero \\r\\n\\coincide con su mujer en horario y esmero? \\r\\n\\me pregunte... \\r\\n\\\\r\\n\\Desde aquella noche ellos juegan a engañarnos. \\r\\n\\se ven en el mismo bar... \\r\\n\\\\r\\n\\pero la rubia, para el taxi, siempre a las diez (je) \\r\\n\\en el mismo lugar...'),(45,'Escapémonos\\r\\n\\\\r\\n\\\\r\\n\\ Escapémonos tan lejos de aquí \\r\\n\\Distantes de todo \\r\\n\\En la oscuridad donde no haya más \\r\\n\\Que ver en tus ojos \\r\\n\\\\r\\n\\Escondemos de la multitud \\r\\n\\Del absurdo día a día \\r\\n\\Donde todas esas cosas que perturben \\r\\n\\No estén más en nuestras vidas, en nuestras vidas \\r\\n\\\\r\\n\\Para que estemos solos amor \\r\\n\\Y el universo se nos quede en un abrazo \\r\\n\\Donde se esfumen esas dudas \\r\\n\\Y esos miedos que nos quedan del pasado \\r\\n\\\\r\\n\\Para que estemos solos amor \\r\\n\\En un día sin fin \\r\\n\\Sin preocuparnos más \\r\\n\\Del que podrán decir \\r\\n\\Donde durmamos abrazados \\r\\n\\Y si entonces nos sorprende el amanecer \\r\\n\\Saber que estés ahí \\r\\n\\Que estamos solos \\r\\n\\\\r\\n\\Escapémonos por necesidad \\r\\n\\Nos debemos tanto \\r\\n\\Si el amor esta, no hay porque esperar \\r\\n\\El donde o el cuando \\r\\n\\\\r\\n\\Escondemos de la multitud \\r\\n\\Del absurdo día a día \\r\\n\\Donde todas esas cosas que perturben \\r\\n\\No estén más en nuestras vidas, en nuestras vidas \\r\\n\\\\r\\n\\Para que estemos solos amor \\r\\n\\Y el universo se nos quede en un abrazo \\r\\n\\Donde se esfumen esas dudas \\r\\n\\Y esos miedos que nos quedan del pasado \\r\\n\\\\r\\n\\Para que estemos solos amor \\r\\n\\En un día sin fin \\r\\n\\Sin preocuparnos más \\r\\n\\Del que podrán decir'),(46,'Este loco que te mira\\r\\n\\\\r\\n\\\\r\\n\\ Hace tanto que te miro \\r\\n\\Sé que no eres mi destino \\r\\n\\y que tienes otro amor \\r\\n\\\\r\\n\\por mi parte no hay problema \\r\\n\\aunque rompas mis esquemas \\r\\n\\aunque cada vez que te hable mi cuartada \\r\\n\\solo esquive tu mirada y poco apoco \\r\\n\\volverme un ser irracional \\r\\n\\y amarte entera hasta el final a mi manera \\r\\n\\\\r\\n\\Soy una parte de tu sombra \\r\\n\\eres mi boca que te nombra \\r\\n\\soy un pedazo de tu piel \\r\\n\\que a la distancia y en papel \\r\\n\\te escribe cartas al olvido \\r\\n\\que a lo mejor tienen sentido \\r\\n\\si la leyeras frente a mí \\r\\n\\solo Dios sabe que es así \\r\\n\\se que me amas a escondidas \\r\\n\\y por motivos de rutina \\r\\n\\te acostumbraste a otra mañana \\r\\n\\y esperas volver a nacer \\r\\n\\para juntarte en otra vida \\r\\n\\con este loco que te mira \\r\\n\\volverme un ser irracional \\r\\n\\y amarte entera hasta el final \\r\\n\\a mi manera \\r\\n\\\\r\\n\\Hace tanto que te miro \\r\\n\\Sé que no eres mi destino \\r\\n\\ni siquiera una obsesión \\r\\n\\\\r\\n\\Por mi parte no hay problema \\r\\n\\aunque rompas mis esquemas \\r\\n\\aunque cada vez te hable mi coartada \\r\\n\\solo esquive tu mirada y poco a poco \\r\\n\\volverme un ser irracional \\r\\n\\y amarte entera hasta el final a mi manera \\r\\n\\\\r\\n\\Soy una parte de tu sombra \\r\\n\\eres mi boca que te nombra \\r\\n\\soy un pedazo de tu piel \\r\\n\\que la distancia y en papel \\r\\n\\te escribe cartas al olvido \\r\\n\\que a lo mejor tienen sentido \\r\\n\\si la leyeras frente a mí \\r\\n\\solo Dios sabe que es así \\r\\n\\Sé que me amas a escondidas \\r\\n\\y por motivos de rutina \\r\\n\\te acostumbraste a otra mañana \\r\\n\\y esperas volver a nacer \\r\\n\\para juntarte en otra vida \\r\\n\\con este loco que te mira \\r\\n\\volverme u n ser irracional \\r\\n\\y amarte entera hasta el final \\r\\n\\a mi manera \\r\\n\\\\r\\n\\Este loco que te mira así soy yo: \\r\\n\\Solo Dios sabe que es verdad y que ese día llegara \\r\\n\\Este loco que te mira así soy yo: \\r\\n\\mira donde va no mira pa´ca no me dice na´ \\r\\n\\pero no me ama a escondidas \\r\\n\\\\r\\n\\De mi parte no hay problema \\r\\n\\yo voy a amarte \\r\\n\\Voy a amarte a mi manera \\r\\n\\voy a adorarte \\r\\n\\A mi manera o a tu manera \\r\\n\\voy a amarte como quieras mujer \\r\\n\\\\r\\n\\De mi parte no hay problema \\r\\n\\Sé que un día te tendré \\r\\n\\voy a amarte a mi manera \\r\\n\\junto a mí emocionada entregada \\r\\n\\enredada entre mis brazos sin decir una palabra \\r\\n\\solo que te ame \\r\\n\\ay solo que te quiera \\r\\n\\que té do toda mi vida'),(47,'Celos\\r\\n\\\\r\\n\\\\r\\n\\ Yo no he deseado jamás en la vida cambiarme por nadie \\r\\n\\Pues con mis defectos y con mis virtudes siempre pude aceptarme \\r\\n\\De mis fracasos, mis amores, siempre aprendí de mis errores \\r\\n\\Pero nunca celos o envidia de nadie jamás yo sentí \\r\\n\\\\r\\n\\Hasta que el destino me puso ante mi tu mirada de ángel \\r\\n\\Y así comenzó mi obsesión, mi delirio por conquistarte \\r\\n\\Pero al saber que no eras libre, no me aleje y en cambio quise \\r\\n\\Estar lo más cerca posible de ti, espiarte y seguirte allí donde vas \\r\\n\\\\r\\n\\Envidia, me muero de celos y envidia \\r\\n\\Pensando en la forma en que el te acaricia \\r\\n\\Y siempre me estoy imaginando \\r\\n\\Las veces que el te haré suya \\r\\n\\No puedo aguantar tantos celos \\r\\n\\Me muero de envidia \\r\\n\\Envidia, queriendo ser luna do noche \\r\\n\\Y así ser testigo de tanto derroche \\r\\n\\Queriendo cambiar yo mi vida por la de ese hombre \\r\\n\\Y amarte hasta que se te olvide su nombre \\r\\n\\\\r\\n\\Va contra mis principios, mi moral, mi dignidad \\r\\n\\El tener sentimientos de amor por una mujer ajena \\r\\n\\Que será mi condena que me va a matar \\r\\n\\\\r\\n\\Envidia, me muero de celos y envidia \\r\\n\\Pensando en la forma en que el te acaricia \\r\\n\\Y siempre me estoy imaginando \\r\\n\\Las veces que el te haré suya \\r\\n\\No puedo aguantar tantos celos \\r\\n\\Me muero de envidia \\r\\n\\Envidia, queriendo ser luna do noche \\r\\n\\Y así ser testigo de tanto derroche \\r\\n\\Queriendo cambiar yo mi vida por la de ese hombre \\r\\n\\Y amarte hasta que se te olvide su nombre \\r\\n\\\\r\\n\\No puedo aguantar tantos celos, estoy que me muero de envidia \\r\\n\\Ay me muero de envidia \\r\\n\\Pensando en la forma en que el te acaricia y te haré suya \\r\\n\\No puedo aguantar tantos celos, estoy que me muero de envidia \\r\\n\\\\r\\n\\Que celos, los malditos celos \\r\\n\\Estos celos con mi vida van a terminar \\r\\n\\Que celos, los malditos celos \\r\\n\\\\r\\n\\No se lo que me pasa,esta maldita envidia \\r\\n\\Que va acabar conmigo yo lo se, si no te hago mía \\r\\n\\Na contra mis principios, mi moral, querer amar a \\r\\n\\Una mujer que es ajena \\r\\n\\Vivir así no puedo más, en esta agonía \\r\\n\\\\r\\n\\Vivir así no puedo más \\r\\n\\Te digo no puedo más \\r\\n\\Vivir así no puedo más \\r\\n\\No puedo más,no puedo más');
/*!40000 ALTER TABLE `letra` ENABLE KEYS */;
UNLOCK TABLES;

--
-- Table structure for table `lista`
--

DROP TABLE IF EXISTS `lista`;
/*!40101 SET @saved_cs_client     = @@character_set_client */;
/*!50503 SET character_set_client = utf8mb4 */;
CREATE TABLE `lista` (
  `id_lista` int NOT NULL AUTO_INCREMENT,
  `nombreLista` varchar(70) NOT NULL,
  PRIMARY KEY (`id_lista`),
  UNIQUE KEY `nombreLista` (`nombreLista`)
) ENGINE=InnoDB AUTO_INCREMENT=11 DEFAULT CHARSET=utf8mb4 COLLATE=utf8mb4_unicode_ci;
/*!40101 SET character_set_client = @saved_cs_client */;

--
-- Dumping data for table `lista`
--

LOCK TABLES `lista` WRITE;
/*!40000 ALTER TABLE `lista` DISABLE KEYS */;
INSERT INTO `lista` VALUES (9,'Best Hip-Hop'),(8,'Best J-rock'),(7,'Best Metal'),(6,'Best Rock'),(10,'Exitos de Boleros'),(4,'Exitos de Cumbia'),(3,'Exitos de Joropo'),(5,'Exitos de Merengue'),(2,'Exitos de Salsa'),(1,'Exitos del Vallenato');
/*!40000 ALTER TABLE `lista` ENABLE KEYS */;
UNLOCK TABLES;

--
-- Table structure for table `tipousuario`
--

DROP TABLE IF EXISTS `tipousuario`;
/*!40101 SET @saved_cs_client     = @@character_set_client */;
/*!50503 SET character_set_client = utf8mb4 */;
CREATE TABLE `tipousuario` (
  `id_tipoUsuario` int NOT NULL AUTO_INCREMENT,
  `Rol` varchar(100) NOT NULL,
  `Edad` int DEFAULT NULL,
  PRIMARY KEY (`id_tipoUsuario`)
) ENGINE=InnoDB AUTO_INCREMENT=3 DEFAULT CHARSET=utf8mb4 COLLATE=utf8mb4_unicode_ci;
/*!40101 SET character_set_client = @saved_cs_client */;

--
-- Dumping data for table `tipousuario`
--

LOCK TABLES `tipousuario` WRITE;
/*!40000 ALTER TABLE `tipousuario` DISABLE KEYS */;
INSERT INTO `tipousuario` VALUES (1,'Administrador',NULL),(2,'Usuario',20);
/*!40000 ALTER TABLE `tipousuario` ENABLE KEYS */;
UNLOCK TABLES;
/*!40103 SET TIME_ZONE=@OLD_TIME_ZONE */;

/*!40101 SET SQL_MODE=@OLD_SQL_MODE */;
/*!40014 SET FOREIGN_KEY_CHECKS=@OLD_FOREIGN_KEY_CHECKS */;
/*!40014 SET UNIQUE_CHECKS=@OLD_UNIQUE_CHECKS */;
/*!40101 SET CHARACTER_SET_CLIENT=@OLD_CHARACTER_SET_CLIENT */;
/*!40101 SET CHARACTER_SET_RESULTS=@OLD_CHARACTER_SET_RESULTS */;
/*!40101 SET COLLATION_CONNECTION=@OLD_COLLATION_CONNECTION */;
/*!40111 SET SQL_NOTES=@OLD_SQL_NOTES */;

-- Dump completed on 2022-09-12 20:23:21
